State,Date,Unemployment Rate,,,,,,,,,,,,,,,,,,,,,,,,,,,,,,,,,
Alabama,22-Oct,2.7,,,,,,,,,,,,,,,,,,,,,,,,,,,,,,,,,
Alabama,22-Sep,2.6,,,,,,,,,,,,,,,,,,,,,,,,,,,,,,,,,
Alabama,22-Aug,2.6,,,,,,,,,,,,,,,,,,,,,,,,,,,,,,,,,
Alabama,22-Jul,2.6,,,,,,,,,,,,,,,,,,,,,,,,,,,,,,,,,
Alabama,22-Jun,2.6,,,,,,,,,,,,,,,,,,,,,,,,,,,,,,,,,
Alabama,22-May,2.7,,,,,,,,,,,,,,,,,,,,,,,,,,,,,,,,,
Alabama,22-Apr,2.8,,,,,,,,,,,,,,,,,,,,,,,,,,,,,,,,,
Alabama,22-Mar,2.9,,,,,,,,,,,,,,,,,,,,,,,,,,,,,,,,,
Alabama,22-Feb,3,,,,,,,,,,,,,,,,,,,,,,,,,,,,,,,,,
Alabama,22-Jan,3.1,,,,,,,,,,,,,,,,,,,,,,,,,,,,,,,,,
Alabama,21-Dec,3.1,,,,,,,,,,,,,,,,,,,,,,,,,,,,,,,,,
Alabama,21-Nov,3.1,,,,,,,,,,,,,,,,,,,,,,,,,,,,,,,,,
Alabama,21-Oct,3.1,,,,,,,,,,,,,,,,,,,,,,,,,,,,,,,,,
Alabama,21-Sep,3.2,,,,,,,,,,,,,,,,,,,,,,,,,,,,,,,,,
Alabama,21-Aug,3.3,,,,,,,,,,,,,,,,,,,,,,,,,,,,,,,,,
Alabama,21-Jul,3.4,,,,,,,,,,,,,,,,,,,,,,,,,,,,,,,,,
Alabama,21-Jun,3.5,,,,,,,,,,,,,,,,,,,,,,,,,,,,,,,,,
Alabama,21-May,3.6,,,,,,,,,,,,,,,,,,,,,,,,,,,,,,,,,
Alabama,21-Apr,3.6,,,,,,,,,,,,,,,,,,,,,,,,,,,,,,,,,
Alabama,21-Mar,3.7,,,,,,,,,,,,,,,,,,,,,,,,,,,,,,,,,
Alabama,21-Feb,3.8,,,,,,,,,,,,,,,,,,,,,,,,,,,,,,,,,
Alabama,21-Jan,4,,,,,,,,,,,,,,,,,,,,,,,,,,,,,,,,,
Alabama,20-Dec,4.4,,,,,,,,,,,,,,,,,,,,,,,,,,,,,,,,,
Alabama,20-Nov,4.8,,,,,,,,,,,,,,,,,,,,,,,,,,,,,,,,,
Alabama,20-Oct,5.3,,,,,,,,,,,,,,,,,,,,,,,,,,,,,,,,,
Alabama,20-Sep,6.1,,,,,,,,,,,,,,,,,,,,,,,,,,,,,,,,,
Alabama,20-Aug,6.6,,,,,,,,,,,,,,,,,,,,,,,,,,,,,,,,,
Alabama,20-Jul,7.7,,,,,,,,,,,,,,,,,,,,,,,,,,,,,,,,,
Alabama,20-Jun,8.7,,,,,,,,,,,,,,,,,,,,,,,,,,,,,,,,,
Alabama,20-May,10.4,,,,,,,,,,,,,,,,,,,,,,,,,,,,,,,,,
Alabama,20-Apr,13.7,,,,,,,,,,,,,,,,,,,,,,,,,,,,,,,,,
Alabama,20-Mar,3.6,,,,,,,,,,,,,,,,,,,,,,,,,,,,,,,,,
Alabama,20-Feb,3.4,,,,,,,,,,,,,,,,,,,,,,,,,,,,,,,,,
Alabama,20-Jan,3.3,,,,,,,,,,,,,,,,,,,,,,,,,,,,,,,,,
Alaska,22-Oct,4.5,,,,,,,,,,,,,,,,,,,,,,,,,,,,,,,,,
Alaska,22-Sep,4.4,,,,,,,,,,,,,,,,,,,,,,,,,,,,,,,,,
Alaska,22-Aug,4.6,,,,,,,,,,,,,,,,,,,,,,,,,,,,,,,,,
Alaska,22-Jul,4.5,,,,,,,,,,,,,,,,,,,,,,,,,,,,,,,,,
Alaska,22-Jun,4.6,,,,,,,,,,,,,,,,,,,,,,,,,,,,,,,,,
Alaska,22-May,4.6,,,,,,,,,,,,,,,,,,,,,,,,,,,,,,,,,
Alaska,22-Apr,4.8,,,,,,,,,,,,,,,,,,,,,,,,,,,,,,,,,
Alaska,22-Mar,4.9,,,,,,,,,,,,,,,,,,,,,,,,,,,,,,,,,
Alaska,22-Feb,5.3,,,,,,,,,,,,,,,,,,,,,,,,,,,,,,,,,
Alaska,22-Jan,5.6,,,,,,,,,,,,,,,,,,,,,,,,,,,,,,,,,
Alaska,21-Dec,5.5,,,,,,,,,,,,,,,,,,,,,,,,,,,,,,,,,
Alaska,21-Nov,5.5,,,,,,,,,,,,,,,,,,,,,,,,,,,,,,,,,
Alaska,21-Oct,5.7,,,,,,,,,,,,,,,,,,,,,,,,,,,,,,,,,
Alaska,21-Sep,5.9,,,,,,,,,,,,,,,,,,,,,,,,,,,,,,,,,
Alaska,21-Aug,6.3,,,,,,,,,,,,,,,,,,,,,,,,,,,,,,,,,
Alaska,21-Jul,6.5,,,,,,,,,,,,,,,,,,,,,,,,,,,,,,,,,
Alaska,21-Jun,6.8,,,,,,,,,,,,,,,,,,,,,,,,,,,,,,,,,
Alaska,21-May,6.8,,,,,,,,,,,,,,,,,,,,,,,,,,,,,,,,,
Alaska,21-Apr,7,,,,,,,,,,,,,,,,,,,,,,,,,,,,,,,,,
Alaska,21-Mar,7,,,,,,,,,,,,,,,,,,,,,,,,,,,,,,,,,
Alaska,21-Feb,7,,,,,,,,,,,,,,,,,,,,,,,,,,,,,,,,,
Alaska,21-Jan,7.1,,,,,,,,,,,,,,,,,,,,,,,,,,,,,,,,,
Alaska,20-Dec,7.3,,,,,,,,,,,,,,,,,,,,,,,,,,,,,,,,,
Alaska,20-Nov,7.2,,,,,,,,,,,,,,,,,,,,,,,,,,,,,,,,,
Alaska,20-Oct,7.3,,,,,,,,,,,,,,,,,,,,,,,,,,,,,,,,,
Alaska,20-Sep,7.7,,,,,,,,,,,,,,,,,,,,,,,,,,,,,,,,,
Alaska,20-Aug,7.8,,,,,,,,,,,,,,,,,,,,,,,,,,,,,,,,,
Alaska,20-Jul,11.2,,,,,,,,,,,,,,,,,,,,,,,,,,,,,,,,,
Alaska,20-Jun,11.3,,,,,,,,,,,,,,,,,,,,,,,,,,,,,,,,,
Alaska,20-May,11.9,,,,,,,,,,,,,,,,,,,,,,,,,,,,,,,,,
Alaska,20-Apr,11.9,,,,,,,,,,,,,,,,,,,,,,,,,,,,,,,,,
Alaska,20-Mar,5.2,,,,,,,,,,,,,,,,,,,,,,,,,,,,,,,,,
Alaska,20-Feb,5.2,,,,,,,,,,,,,,,,,,,,,,,,,,,,,,,,,
Alaska,20-Jan,5.2,,,,,,,,,,,,,,,,,,,,,,,,,,,,,,,,,
Arizona,22-Oct,3.9,,,,,,,,,,,,,,,,,,,,,,,,,,,,,,,,,
Arizona,22-Sep,3.7,,,,,,,,,,,,,,,,,,,,,,,,,,,,,,,,,
Arizona,22-Aug,3.5,,,,,,,,,,,,,,,,,,,,,,,,,,,,,,,,,
Arizona,22-Jul,3.3,,,,,,,,,,,,,,,,,,,,,,,,,,,,,,,,,
Arizona,22-Jun,3.3,,,,,,,,,,,,,,,,,,,,,,,,,,,,,,,,,
Arizona,22-May,3.2,,,,,,,,,,,,,,,,,,,,,,,,,,,,,,,,,
Arizona,22-Apr,3.2,,,,,,,,,,,,,,,,,,,,,,,,,,,,,,,,,
Arizona,22-Mar,3.3,,,,,,,,,,,,,,,,,,,,,,,,,,,,,,,,,
Arizona,22-Feb,3.6,,,,,,,,,,,,,,,,,,,,,,,,,,,,,,,,,
Arizona,22-Jan,3.7,,,,,,,,,,,,,,,,,,,,,,,,,,,,,,,,,
Arizona,21-Dec,3.9,,,,,,,,,,,,,,,,,,,,,,,,,,,,,,,,,
Arizona,21-Nov,3.9,,,,,,,,,,,,,,,,,,,,,,,,,,,,,,,,,
Arizona,21-Oct,3.9,,,,,,,,,,,,,,,,,,,,,,,,,,,,,,,,,
Arizona,21-Sep,4.2,,,,,,,,,,,,,,,,,,,,,,,,,,,,,,,,,
Arizona,21-Aug,4.5,,,,,,,,,,,,,,,,,,,,,,,,,,,,,,,,,
Arizona,21-Jul,4.9,,,,,,,,,,,,,,,,,,,,,,,,,,,,,,,,,
Arizona,21-Jun,5.2,,,,,,,,,,,,,,,,,,,,,,,,,,,,,,,,,
Arizona,21-May,5.4,,,,,,,,,,,,,,,,,,,,,,,,,,,,,,,,,
Arizona,21-Apr,5.6,,,,,,,,,,,,,,,,,,,,,,,,,,,,,,,,,
Arizona,21-Mar,5.8,,,,,,,,,,,,,,,,,,,,,,,,,,,,,,,,,
Arizona,21-Feb,6,,,,,,,,,,,,,,,,,,,,,,,,,,,,,,,,,
Arizona,21-Jan,6.1,,,,,,,,,,,,,,,,,,,,,,,,,,,,,,,,,
Arizona,20-Dec,6.3,,,,,,,,,,,,,,,,,,,,,,,,,,,,,,,,,
Arizona,20-Nov,6.5,,,,,,,,,,,,,,,,,,,,,,,,,,,,,,,,,
Arizona,20-Oct,6.7,,,,,,,,,,,,,,,,,,,,,,,,,,,,,,,,,
Arizona,20-Sep,7.2,,,,,,,,,,,,,,,,,,,,,,,,,,,,,,,,,
Arizona,20-Aug,7.6,,,,,,,,,,,,,,,,,,,,,,,,,,,,,,,,,
Arizona,20-Jul,8.6,,,,,,,,,,,,,,,,,,,,,,,,,,,,,,,,,
Arizona,20-Jun,9.5,,,,,,,,,,,,,,,,,,,,,,,,,,,,,,,,,
Arizona,20-May,11,,,,,,,,,,,,,,,,,,,,,,,,,,,,,,,,,
Arizona,20-Apr,13.9,,,,,,,,,,,,,,,,,,,,,,,,,,,,,,,,,
Arizona,20-Mar,5.1,,,,,,,,,,,,,,,,,,,,,,,,,,,,,,,,,
Arizona,20-Feb,5,,,,,,,,,,,,,,,,,,,,,,,,,,,,,,,,,
Arizona,20-Jan,5,,,,,,,,,,,,,,,,,,,,,,,,,,,,,,,,,
Arkansas,22-Oct,3.6,,,,,,,,,,,,,,,,,,,,,,,,,,,,,,,,,
Arkansas,22-Sep,3.5,,,,,,,,,,,,,,,,,,,,,,,,,,,,,,,,,
Arkansas,22-Aug,3.4,,,,,,,,,,,,,,,,,,,,,,,,,,,,,,,,,
Arkansas,22-Jul,3.3,,,,,,,,,,,,,,,,,,,,,,,,,,,,,,,,,
Arkansas,22-Jun,3.2,,,,,,,,,,,,,,,,,,,,,,,,,,,,,,,,,
Arkansas,22-May,3.2,,,,,,,,,,,,,,,,,,,,,,,,,,,,,,,,,
Arkansas,22-Apr,3.2,,,,,,,,,,,,,,,,,,,,,,,,,,,,,,,,,
Arkansas,22-Mar,3.1,,,,,,,,,,,,,,,,,,,,,,,,,,,,,,,,,
Arkansas,22-Feb,3.1,,,,,,,,,,,,,,,,,,,,,,,,,,,,,,,,,
Arkansas,22-Jan,3.2,,,,,,,,,,,,,,,,,,,,,,,,,,,,,,,,,
Arkansas,21-Dec,3.3,,,,,,,,,,,,,,,,,,,,,,,,,,,,,,,,,
Arkansas,21-Nov,3.3,,,,,,,,,,,,,,,,,,,,,,,,,,,,,,,,,
Arkansas,21-Oct,3.4,,,,,,,,,,,,,,,,,,,,,,,,,,,,,,,,,
Arkansas,21-Sep,3.5,,,,,,,,,,,,,,,,,,,,,,,,,,,,,,,,,
Arkansas,21-Aug,3.8,,,,,,,,,,,,,,,,,,,,,,,,,,,,,,,,,
Arkansas,21-Jul,4,,,,,,,,,,,,,,,,,,,,,,,,,,,,,,,,,
Arkansas,21-Jun,4.2,,,,,,,,,,,,,,,,,,,,,,,,,,,,,,,,,
Arkansas,21-May,4.4,,,,,,,,,,,,,,,,,,,,,,,,,,,,,,,,,
Arkansas,21-Apr,4.5,,,,,,,,,,,,,,,,,,,,,,,,,,,,,,,,,
Arkansas,21-Mar,4.6,,,,,,,,,,,,,,,,,,,,,,,,,,,,,,,,,
Arkansas,21-Feb,4.8,,,,,,,,,,,,,,,,,,,,,,,,,,,,,,,,,
Arkansas,21-Jan,4.9,,,,,,,,,,,,,,,,,,,,,,,,,,,,,,,,,
Arkansas,20-Dec,5,,,,,,,,,,,,,,,,,,,,,,,,,,,,,,,,,
Arkansas,20-Nov,5.2,,,,,,,,,,,,,,,,,,,,,,,,,,,,,,,,,
Arkansas,20-Oct,5.4,,,,,,,,,,,,,,,,,,,,,,,,,,,,,,,,,
Arkansas,20-Sep,5.8,,,,,,,,,,,,,,,,,,,,,,,,,,,,,,,,,
Arkansas,20-Aug,6.2,,,,,,,,,,,,,,,,,,,,,,,,,,,,,,,,,
Arkansas,20-Jul,7.1,,,,,,,,,,,,,,,,,,,,,,,,,,,,,,,,,
Arkansas,20-Jun,7.6,,,,,,,,,,,,,,,,,,,,,,,,,,,,,,,,,
Arkansas,20-May,8.7,,,,,,,,,,,,,,,,,,,,,,,,,,,,,,,,,
Arkansas,20-Apr,10,,,,,,,,,,,,,,,,,,,,,,,,,,,,,,,,,
Arkansas,20-Mar,4.9,,,,,,,,,,,,,,,,,,,,,,,,,,,,,,,,,
Arkansas,20-Feb,3.6,,,,,,,,,,,,,,,,,,,,,,,,,,,,,,,,,
Arkansas,20-Jan,3.5,,,,,,,,,,,,,,,,,,,,,,,,,,,,,,,,,
California,22-Oct,4,,,,,,,,,,,,,,,,,,,,,,,,,,,,,,,,,
California,22-Sep,3.8,,,,,,,,,,,,,,,,,,,,,,,,,,,,,,,,,
California,22-Aug,4.1,,,,,,,,,,,,,,,,,,,,,,,,,,,,,,,,,
California,22-Jul,3.9,,,,,,,,,,,,,,,,,,,,,,,,,,,,,,,,,
California,22-Jun,4.2,,,,,,,,,,,,,,,,,,,,,,,,,,,,,,,,,
California,22-May,4.3,,,,,,,,,,,,,,,,,,,,,,,,,,,,,,,,,
California,22-Apr,4.6,,,,,,,,,,,,,,,,,,,,,,,,,,,,,,,,,
California,22-Mar,4.8,,,,,,,,,,,,,,,,,,,,,,,,,,,,,,,,,
California,22-Feb,5.3,,,,,,,,,,,,,,,,,,,,,,,,,,,,,,,,,
California,22-Jan,5.7,,,,,,,,,,,,,,,,,,,,,,,,,,,,,,,,,
California,21-Dec,5.8,,,,,,,,,,,,,,,,,,,,,,,,,,,,,,,,,
California,21-Nov,5.8,,,,,,,,,,,,,,,,,,,,,,,,,,,,,,,,,
California,21-Oct,6.1,,,,,,,,,,,,,,,,,,,,,,,,,,,,,,,,,
California,21-Sep,6.4,,,,,,,,,,,,,,,,,,,,,,,,,,,,,,,,,
California,21-Aug,7,,,,,,,,,,,,,,,,,,,,,,,,,,,,,,,,,
California,21-Jul,7.4,,,,,,,,,,,,,,,,,,,,,,,,,,,,,,,,,
California,21-Jun,7.9,,,,,,,,,,,,,,,,,,,,,,,,,,,,,,,,,
California,21-May,7.9,,,,,,,,,,,,,,,,,,,,,,,,,,,,,,,,,
California,21-Apr,8.3,,,,,,,,,,,,,,,,,,,,,,,,,,,,,,,,,
California,21-Mar,8.4,,,,,,,,,,,,,,,,,,,,,,,,,,,,,,,,,
California,21-Feb,8.6,,,,,,,,,,,,,,,,,,,,,,,,,,,,,,,,,
California,21-Jan,8.8,,,,,,,,,,,,,,,,,,,,,,,,,,,,,,,,,
California,20-Dec,9.2,,,,,,,,,,,,,,,,,,,,,,,,,,,,,,,,,
California,20-Nov,9.2,,,,,,,,,,,,,,,,,,,,,,,,,,,,,,,,,
California,20-Oct,9.5,,,,,,,,,,,,,,,,,,,,,,,,,,,,,,,,,
California,20-Sep,10.3,,,,,,,,,,,,,,,,,,,,,,,,,,,,,,,,,
California,20-Aug,11.9,,,,,,,,,,,,,,,,,,,,,,,,,,,,,,,,,
California,20-Jul,13.4,,,,,,,,,,,,,,,,,,,,,,,,,,,,,,,,,
California,20-Jun,14.1,,,,,,,,,,,,,,,,,,,,,,,,,,,,,,,,,
California,20-May,16.1,,,,,,,,,,,,,,,,,,,,,,,,,,,,,,,,,
California,20-Apr,15.9,,,,,,,,,,,,,,,,,,,,,,,,,,,,,,,,,
California,20-Mar,5.5,,,,,,,,,,,,,,,,,,,,,,,,,,,,,,,,,
California,20-Feb,4.1,,,,,,,,,,,,,,,,,,,,,,,,,,,,,,,,,
California,20-Jan,4.1,,,,,,,,,,,,,,,,,,,,,,,,,,,,,,,,,
Colorado,22-Oct,3.6,,,,,,,,,,,,,,,,,,,,,,,,,,,,,,,,,
Colorado,22-Sep,3.4,,,,,,,,,,,,,,,,,,,,,,,,,,,,,,,,,
Colorado,22-Aug,3.4,,,,,,,,,,,,,,,,,,,,,,,,,,,,,,,,,
Colorado,22-Jul,3.3,,,,,,,,,,,,,,,,,,,,,,,,,,,,,,,,,
Colorado,22-Jun,3.4,,,,,,,,,,,,,,,,,,,,,,,,,,,,,,,,,
Colorado,22-May,3.5,,,,,,,,,,,,,,,,,,,,,,,,,,,,,,,,,
Colorado,22-Apr,3.6,,,,,,,,,,,,,,,,,,,,,,,,,,,,,,,,,
Colorado,22-Mar,3.7,,,,,,,,,,,,,,,,,,,,,,,,,,,,,,,,,
Colorado,22-Feb,4,,,,,,,,,,,,,,,,,,,,,,,,,,,,,,,,,
Colorado,22-Jan,4.2,,,,,,,,,,,,,,,,,,,,,,,,,,,,,,,,,
Colorado,21-Dec,4.2,,,,,,,,,,,,,,,,,,,,,,,,,,,,,,,,,
Colorado,21-Nov,4.3,,,,,,,,,,,,,,,,,,,,,,,,,,,,,,,,,
Colorado,21-Oct,4.5,,,,,,,,,,,,,,,,,,,,,,,,,,,,,,,,,
Colorado,21-Sep,4.7,,,,,,,,,,,,,,,,,,,,,,,,,,,,,,,,,
Colorado,21-Aug,5.3,,,,,,,,,,,,,,,,,,,,,,,,,,,,,,,,,
Colorado,21-Jul,5.6,,,,,,,,,,,,,,,,,,,,,,,,,,,,,,,,,
Colorado,21-Jun,5.9,,,,,,,,,,,,,,,,,,,,,,,,,,,,,,,,,
Colorado,21-May,5.8,,,,,,,,,,,,,,,,,,,,,,,,,,,,,,,,,
Colorado,21-Apr,6.1,,,,,,,,,,,,,,,,,,,,,,,,,,,,,,,,,
Colorado,21-Mar,6.1,,,,,,,,,,,,,,,,,,,,,,,,,,,,,,,,,
Colorado,21-Feb,6.2,,,,,,,,,,,,,,,,,,,,,,,,,,,,,,,,,
Colorado,21-Jan,6.2,,,,,,,,,,,,,,,,,,,,,,,,,,,,,,,,,
Colorado,20-Dec,6.4,,,,,,,,,,,,,,,,,,,,,,,,,,,,,,,,,
Colorado,20-Nov,6.2,,,,,,,,,,,,,,,,,,,,,,,,,,,,,,,,,
Colorado,20-Oct,6.1,,,,,,,,,,,,,,,,,,,,,,,,,,,,,,,,,
Colorado,20-Sep,6.4,,,,,,,,,,,,,,,,,,,,,,,,,,,,,,,,,
Colorado,20-Aug,6.2,,,,,,,,,,,,,,,,,,,,,,,,,,,,,,,,,
Colorado,20-Jul,6.6,,,,,,,,,,,,,,,,,,,,,,,,,,,,,,,,,
Colorado,20-Jun,11,,,,,,,,,,,,,,,,,,,,,,,,,,,,,,,,,
Colorado,20-May,11.8,,,,,,,,,,,,,,,,,,,,,,,,,,,,,,,,,
Colorado,20-Apr,11.6,,,,,,,,,,,,,,,,,,,,,,,,,,,,,,,,,
Colorado,20-Mar,4.8,,,,,,,,,,,,,,,,,,,,,,,,,,,,,,,,,
Colorado,20-Feb,2.8,,,,,,,,,,,,,,,,,,,,,,,,,,,,,,,,,
Colorado,20-Jan,2.7,,,,,,,,,,,,,,,,,,,,,,,,,,,,,,,,,
Connecticut,22-Oct,4.3,,,,,,,,,,,,,,,,,,,,,,,,,,,,,,,,,
Connecticut,22-Sep,4,,,,,,,,,,,,,,,,,,,,,,,,,,,,,,,,,
Connecticut,22-Aug,4.1,,,,,,,,,,,,,,,,,,,,,,,,,,,,,,,,,
Connecticut,22-Jul,3.7,,,,,,,,,,,,,,,,,,,,,,,,,,,,,,,,,
Connecticut,22-Jun,4,,,,,,,,,,,,,,,,,,,,,,,,,,,,,,,,,
Connecticut,22-May,4.2,,,,,,,,,,,,,,,,,,,,,,,,,,,,,,,,,
Connecticut,22-Apr,4.4,,,,,,,,,,,,,,,,,,,,,,,,,,,,,,,,,
Connecticut,22-Mar,4.6,,,,,,,,,,,,,,,,,,,,,,,,,,,,,,,,,
Connecticut,22-Feb,4.9,,,,,,,,,,,,,,,,,,,,,,,,,,,,,,,,,
Connecticut,22-Jan,5.3,,,,,,,,,,,,,,,,,,,,,,,,,,,,,,,,,
Connecticut,21-Dec,5.1,,,,,,,,,,,,,,,,,,,,,,,,,,,,,,,,,
Connecticut,21-Nov,5.2,,,,,,,,,,,,,,,,,,,,,,,,,,,,,,,,,
Connecticut,21-Oct,5.4,,,,,,,,,,,,,,,,,,,,,,,,,,,,,,,,,
Connecticut,21-Sep,5.6,,,,,,,,,,,,,,,,,,,,,,,,,,,,,,,,,
Connecticut,21-Aug,6.1,,,,,,,,,,,,,,,,,,,,,,,,,,,,,,,,,
Connecticut,21-Jul,6.3,,,,,,,,,,,,,,,,,,,,,,,,,,,,,,,,,
Connecticut,21-Jun,6.7,,,,,,,,,,,,,,,,,,,,,,,,,,,,,,,,,
Connecticut,21-May,6.7,,,,,,,,,,,,,,,,,,,,,,,,,,,,,,,,,
Connecticut,21-Apr,7,,,,,,,,,,,,,,,,,,,,,,,,,,,,,,,,,
Connecticut,21-Mar,7,,,,,,,,,,,,,,,,,,,,,,,,,,,,,,,,,
Connecticut,21-Feb,7.2,,,,,,,,,,,,,,,,,,,,,,,,,,,,,,,,,
Connecticut,21-Jan,7.3,,,,,,,,,,,,,,,,,,,,,,,,,,,,,,,,,
Connecticut,20-Dec,7.7,,,,,,,,,,,,,,,,,,,,,,,,,,,,,,,,,
Connecticut,20-Nov,7.8,,,,,,,,,,,,,,,,,,,,,,,,,,,,,,,,,
Connecticut,20-Oct,8.1,,,,,,,,,,,,,,,,,,,,,,,,,,,,,,,,,
Connecticut,20-Sep,8.9,,,,,,,,,,,,,,,,,,,,,,,,,,,,,,,,,
Connecticut,20-Aug,9.5,,,,,,,,,,,,,,,,,,,,,,,,,,,,,,,,,
Connecticut,20-Jul,11.2,,,,,,,,,,,,,,,,,,,,,,,,,,,,,,,,,
Connecticut,20-Jun,11.1,,,,,,,,,,,,,,,,,,,,,,,,,,,,,,,,,
Connecticut,20-May,11.4,,,,,,,,,,,,,,,,,,,,,,,,,,,,,,,,,
Connecticut,20-Apr,8,,,,,,,,,,,,,,,,,,,,,,,,,,,,,,,,,
Connecticut,20-Mar,3.4,,,,,,,,,,,,,,,,,,,,,,,,,,,,,,,,,
Connecticut,20-Feb,3.4,,,,,,,,,,,,,,,,,,,,,,,,,,,,,,,,,
Connecticut,20-Jan,3.4,,,,,,,,,,,,,,,,,,,,,,,,,,,,,,,,,
Delaware,22-Oct,4.3,,,,,,,,,,,,,,,,,,,,,,,,,,,,,,,,,
Delaware,22-Sep,4.3,,,,,,,,,,,,,,,,,,,,,,,,,,,,,,,,,
Delaware,22-Aug,4.5,,,,,,,,,,,,,,,,,,,,,,,,,,,,,,,,,
Delaware,22-Jul,4.4,,,,,,,,,,,,,,,,,,,,,,,,,,,,,,,,,
Delaware,22-Jun,4.5,,,,,,,,,,,,,,,,,,,,,,,,,,,,,,,,,
Delaware,22-May,4.5,,,,,,,,,,,,,,,,,,,,,,,,,,,,,,,,,
Delaware,22-Apr,4.5,,,,,,,,,,,,,,,,,,,,,,,,,,,,,,,,,
Delaware,22-Mar,4.5,,,,,,,,,,,,,,,,,,,,,,,,,,,,,,,,,
Delaware,22-Feb,4.6,,,,,,,,,,,,,,,,,,,,,,,,,,,,,,,,,
Delaware,22-Jan,4.8,,,,,,,,,,,,,,,,,,,,,,,,,,,,,,,,,
Delaware,21-Dec,4.8,,,,,,,,,,,,,,,,,,,,,,,,,,,,,,,,,
Delaware,21-Nov,4.8,,,,,,,,,,,,,,,,,,,,,,,,,,,,,,,,,
Delaware,21-Oct,4.9,,,,,,,,,,,,,,,,,,,,,,,,,,,,,,,,,
Delaware,21-Sep,5,,,,,,,,,,,,,,,,,,,,,,,,,,,,,,,,,
Delaware,21-Aug,5.3,,,,,,,,,,,,,,,,,,,,,,,,,,,,,,,,,
Delaware,21-Jul,5.5,,,,,,,,,,,,,,,,,,,,,,,,,,,,,,,,,
Delaware,21-Jun,5.7,,,,,,,,,,,,,,,,,,,,,,,,,,,,,,,,,
Delaware,21-May,5.7,,,,,,,,,,,,,,,,,,,,,,,,,,,,,,,,,
Delaware,21-Apr,5.8,,,,,,,,,,,,,,,,,,,,,,,,,,,,,,,,,
Delaware,21-Mar,5.8,,,,,,,,,,,,,,,,,,,,,,,,,,,,,,,,,
Delaware,21-Feb,5.7,,,,,,,,,,,,,,,,,,,,,,,,,,,,,,,,,
Delaware,21-Jan,5.7,,,,,,,,,,,,,,,,,,,,,,,,,,,,,,,,,
Delaware,20-Dec,5.6,,,,,,,,,,,,,,,,,,,,,,,,,,,,,,,,,
Delaware,20-Nov,5.4,,,,,,,,,,,,,,,,,,,,,,,,,,,,,,,,,
Delaware,20-Oct,5.3,,,,,,,,,,,,,,,,,,,,,,,,,,,,,,,,,
Delaware,20-Sep,7.6,,,,,,,,,,,,,,,,,,,,,,,,,,,,,,,,,
Delaware,20-Aug,7.5,,,,,,,,,,,,,,,,,,,,,,,,,,,,,,,,,
Delaware,20-Jul,7.7,,,,,,,,,,,,,,,,,,,,,,,,,,,,,,,,,
Delaware,20-Jun,12.7,,,,,,,,,,,,,,,,,,,,,,,,,,,,,,,,,
Delaware,20-May,13.3,,,,,,,,,,,,,,,,,,,,,,,,,,,,,,,,,
Delaware,20-Apr,13.1,,,,,,,,,,,,,,,,,,,,,,,,,,,,,,,,,
Delaware,20-Mar,5,,,,,,,,,,,,,,,,,,,,,,,,,,,,,,,,,
Delaware,20-Feb,3.7,,,,,,,,,,,,,,,,,,,,,,,,,,,,,,,,,
Delaware,20-Jan,3.7,,,,,,,,,,,,,,,,,,,,,,,,,,,,,,,,,
District of Columbia,22-Oct,4.8,,,,,,,,,,,,,,,,,,,,,,,,,,,,,,,,,
District of Columbia,22-Sep,4.7,,,,,,,,,,,,,,,,,,,,,,,,,,,,,,,,,
District of Columbia,22-Aug,5.1,,,,,,,,,,,,,,,,,,,,,,,,,,,,,,,,,
District of Columbia,22-Jul,5.2,,,,,,,,,,,,,,,,,,,,,,,,,,,,,,,,,
District of Columbia,22-Jun,5.5,,,,,,,,,,,,,,,,,,,,,,,,,,,,,,,,,
District of Columbia,22-May,5.7,,,,,,,,,,,,,,,,,,,,,,,,,,,,,,,,,
District of Columbia,22-Apr,5.8,,,,,,,,,,,,,,,,,,,,,,,,,,,,,,,,,
District of Columbia,22-Mar,6,,,,,,,,,,,,,,,,,,,,,,,,,,,,,,,,,
District of Columbia,22-Feb,6.1,,,,,,,,,,,,,,,,,,,,,,,,,,,,,,,,,
District of Columbia,22-Jan,6.3,,,,,,,,,,,,,,,,,,,,,,,,,,,,,,,,,
District of Columbia,21-Dec,6.1,,,,,,,,,,,,,,,,,,,,,,,,,,,,,,,,,
District of Columbia,21-Nov,6.1,,,,,,,,,,,,,,,,,,,,,,,,,,,,,,,,,
District of Columbia,21-Oct,6.3,,,,,,,,,,,,,,,,,,,,,,,,,,,,,,,,,
District of Columbia,21-Sep,6.5,,,,,,,,,,,,,,,,,,,,,,,,,,,,,,,,,
District of Columbia,21-Aug,6.9,,,,,,,,,,,,,,,,,,,,,,,,,,,,,,,,,
District of Columbia,21-Jul,7.1,,,,,,,,,,,,,,,,,,,,,,,,,,,,,,,,,
District of Columbia,21-Jun,7.2,,,,,,,,,,,,,,,,,,,,,,,,,,,,,,,,,
District of Columbia,21-May,6.9,,,,,,,,,,,,,,,,,,,,,,,,,,,,,,,,,
District of Columbia,21-Apr,6.8,,,,,,,,,,,,,,,,,,,,,,,,,,,,,,,,,
District of Columbia,21-Mar,6.6,,,,,,,,,,,,,,,,,,,,,,,,,,,,,,,,,
District of Columbia,21-Feb,6.7,,,,,,,,,,,,,,,,,,,,,,,,,,,,,,,,,
District of Columbia,21-Jan,6.9,,,,,,,,,,,,,,,,,,,,,,,,,,,,,,,,,
District of Columbia,20-Dec,7.5,,,,,,,,,,,,,,,,,,,,,,,,,,,,,,,,,
District of Columbia,20-Nov,7.8,,,,,,,,,,,,,,,,,,,,,,,,,,,,,,,,,
District of Columbia,20-Oct,8.2,,,,,,,,,,,,,,,,,,,,,,,,,,,,,,,,,
District of Columbia,20-Sep,8.7,,,,,,,,,,,,,,,,,,,,,,,,,,,,,,,,,
District of Columbia,20-Aug,8.8,,,,,,,,,,,,,,,,,,,,,,,,,,,,,,,,,
District of Columbia,20-Jul,9,,,,,,,,,,,,,,,,,,,,,,,,,,,,,,,,,
District of Columbia,20-Jun,8.8,,,,,,,,,,,,,,,,,,,,,,,,,,,,,,,,,
District of Columbia,20-May,9,,,,,,,,,,,,,,,,,,,,,,,,,,,,,,,,,
District of Columbia,20-Apr,11.1,,,,,,,,,,,,,,,,,,,,,,,,,,,,,,,,,
District of Columbia,20-Mar,5.5,,,,,,,,,,,,,,,,,,,,,,,,,,,,,,,,,
District of Columbia,20-Feb,5.4,,,,,,,,,,,,,,,,,,,,,,,,,,,,,,,,,
District of Columbia,20-Jan,5.3,,,,,,,,,,,,,,,,,,,,,,,,,,,,,,,,,
Florida,22-Oct,2.7,,,,,,,,,,,,,,,,,,,,,,,,,,,,,,,,,
Florida,22-Sep,2.5,,,,,,,,,,,,,,,,,,,,,,,,,,,,,,,,,
Florida,22-Aug,2.7,,,,,,,,,,,,,,,,,,,,,,,,,,,,,,,,,
Florida,22-Jul,2.7,,,,,,,,,,,,,,,,,,,,,,,,,,,,,,,,,
Florida,22-Jun,2.8,,,,,,,,,,,,,,,,,,,,,,,,,,,,,,,,,
Florida,22-May,2.9,,,,,,,,,,,,,,,,,,,,,,,,,,,,,,,,,
Florida,22-Apr,3,,,,,,,,,,,,,,,,,,,,,,,,,,,,,,,,,
Florida,22-Mar,3.2,,,,,,,,,,,,,,,,,,,,,,,,,,,,,,,,,
Florida,22-Feb,3.3,,,,,,,,,,,,,,,,,,,,,,,,,,,,,,,,,
Florida,22-Jan,3.5,,,,,,,,,,,,,,,,,,,,,,,,,,,,,,,,,
Florida,21-Dec,3.5,,,,,,,,,,,,,,,,,,,,,,,,,,,,,,,,,
Florida,21-Nov,3.5,,,,,,,,,,,,,,,,,,,,,,,,,,,,,,,,,
Florida,21-Oct,3.7,,,,,,,,,,,,,,,,,,,,,,,,,,,,,,,,,
Florida,21-Sep,3.9,,,,,,,,,,,,,,,,,,,,,,,,,,,,,,,,,
Florida,21-Aug,4.3,,,,,,,,,,,,,,,,,,,,,,,,,,,,,,,,,
Florida,21-Jul,4.5,,,,,,,,,,,,,,,,,,,,,,,,,,,,,,,,,
Florida,21-Jun,4.8,,,,,,,,,,,,,,,,,,,,,,,,,,,,,,,,,
Florida,21-May,4.9,,,,,,,,,,,,,,,,,,,,,,,,,,,,,,,,,
Florida,21-Apr,5.1,,,,,,,,,,,,,,,,,,,,,,,,,,,,,,,,,
Florida,21-Mar,5.4,,,,,,,,,,,,,,,,,,,,,,,,,,,,,,,,,
Florida,21-Feb,5.6,,,,,,,,,,,,,,,,,,,,,,,,,,,,,,,,,
Florida,21-Jan,6,,,,,,,,,,,,,,,,,,,,,,,,,,,,,,,,,
Florida,20-Dec,6.5,,,,,,,,,,,,,,,,,,,,,,,,,,,,,,,,,
Florida,20-Nov,6.7,,,,,,,,,,,,,,,,,,,,,,,,,,,,,,,,,
Florida,20-Oct,7.2,,,,,,,,,,,,,,,,,,,,,,,,,,,,,,,,,
Florida,20-Sep,8.7,,,,,,,,,,,,,,,,,,,,,,,,,,,,,,,,,
Florida,20-Aug,8.9,,,,,,,,,,,,,,,,,,,,,,,,,,,,,,,,,
Florida,20-Jul,12.5,,,,,,,,,,,,,,,,,,,,,,,,,,,,,,,,,
Florida,20-Jun,11.6,,,,,,,,,,,,,,,,,,,,,,,,,,,,,,,,,
Florida,20-May,13.9,,,,,,,,,,,,,,,,,,,,,,,,,,,,,,,,,
Florida,20-Apr,13.2,,,,,,,,,,,,,,,,,,,,,,,,,,,,,,,,,
Florida,20-Mar,4.5,,,,,,,,,,,,,,,,,,,,,,,,,,,,,,,,,
Florida,20-Feb,2.7,,,,,,,,,,,,,,,,,,,,,,,,,,,,,,,,,
Florida,20-Jan,2.8,,,,,,,,,,,,,,,,,,,,,,,,,,,,,,,,,
Georgia,22-Oct,2.9,,,,,,,,,,,,,,,,,,,,,,,,,,,,,,,,,
Georgia,22-Sep,2.8,,,,,,,,,,,,,,,,,,,,,,,,,,,,,,,,,
Georgia,22-Aug,2.8,,,,,,,,,,,,,,,,,,,,,,,,,,,,,,,,,
Georgia,22-Jul,2.8,,,,,,,,,,,,,,,,,,,,,,,,,,,,,,,,,
Georgia,22-Jun,2.9,,,,,,,,,,,,,,,,,,,,,,,,,,,,,,,,,
Georgia,22-May,3,,,,,,,,,,,,,,,,,,,,,,,,,,,,,,,,,
Georgia,22-Apr,3.1,,,,,,,,,,,,,,,,,,,,,,,,,,,,,,,,,
Georgia,22-Mar,3.1,,,,,,,,,,,,,,,,,,,,,,,,,,,,,,,,,
Georgia,22-Feb,3.2,,,,,,,,,,,,,,,,,,,,,,,,,,,,,,,,,
Georgia,22-Jan,3.2,,,,,,,,,,,,,,,,,,,,,,,,,,,,,,,,,
Georgia,21-Dec,3.3,,,,,,,,,,,,,,,,,,,,,,,,,,,,,,,,,
Georgia,21-Nov,3.3,,,,,,,,,,,,,,,,,,,,,,,,,,,,,,,,,
Georgia,21-Oct,3.4,,,,,,,,,,,,,,,,,,,,,,,,,,,,,,,,,
Georgia,21-Sep,3.5,,,,,,,,,,,,,,,,,,,,,,,,,,,,,,,,,
Georgia,21-Aug,3.7,,,,,,,,,,,,,,,,,,,,,,,,,,,,,,,,,
Georgia,21-Jul,3.9,,,,,,,,,,,,,,,,,,,,,,,,,,,,,,,,,
Georgia,21-Jun,4,,,,,,,,,,,,,,,,,,,,,,,,,,,,,,,,,
Georgia,21-May,4.1,,,,,,,,,,,,,,,,,,,,,,,,,,,,,,,,,
Georgia,21-Apr,4.3,,,,,,,,,,,,,,,,,,,,,,,,,,,,,,,,,
Georgia,21-Mar,4.4,,,,,,,,,,,,,,,,,,,,,,,,,,,,,,,,,
Georgia,21-Feb,4.6,,,,,,,,,,,,,,,,,,,,,,,,,,,,,,,,,
Georgia,21-Jan,4.8,,,,,,,,,,,,,,,,,,,,,,,,,,,,,,,,,
Georgia,20-Dec,5.1,,,,,,,,,,,,,,,,,,,,,,,,,,,,,,,,,
Georgia,20-Nov,5.3,,,,,,,,,,,,,,,,,,,,,,,,,,,,,,,,,
Georgia,20-Oct,5.6,,,,,,,,,,,,,,,,,,,,,,,,,,,,,,,,,
Georgia,20-Sep,6.4,,,,,,,,,,,,,,,,,,,,,,,,,,,,,,,,,
Georgia,20-Aug,6.9,,,,,,,,,,,,,,,,,,,,,,,,,,,,,,,,,
Georgia,20-Jul,7.7,,,,,,,,,,,,,,,,,,,,,,,,,,,,,,,,,
Georgia,20-Jun,8.4,,,,,,,,,,,,,,,,,,,,,,,,,,,,,,,,,
Georgia,20-May,9.6,,,,,,,,,,,,,,,,,,,,,,,,,,,,,,,,,
Georgia,20-Apr,12.3,,,,,,,,,,,,,,,,,,,,,,,,,,,,,,,,,
Georgia,20-Mar,3.7,,,,,,,,,,,,,,,,,,,,,,,,,,,,,,,,,
Georgia,20-Feb,3.6,,,,,,,,,,,,,,,,,,,,,,,,,,,,,,,,,
Georgia,20-Jan,3.5,,,,,,,,,,,,,,,,,,,,,,,,,,,,,,,,,
Hawaii,22-Oct,3.4,,,,,,,,,,,,,,,,,,,,,,,,,,,,,,,,,
Hawaii,22-Sep,3.5,,,,,,,,,,,,,,,,,,,,,,,,,,,,,,,,,
Hawaii,22-Aug,4,,,,,,,,,,,,,,,,,,,,,,,,,,,,,,,,,
Hawaii,22-Jul,4,,,,,,,,,,,,,,,,,,,,,,,,,,,,,,,,,
Hawaii,22-Jun,4.2,,,,,,,,,,,,,,,,,,,,,,,,,,,,,,,,,
Hawaii,22-May,4.1,,,,,,,,,,,,,,,,,,,,,,,,,,,,,,,,,
Hawaii,22-Apr,4.1,,,,,,,,,,,,,,,,,,,,,,,,,,,,,,,,,
Hawaii,22-Mar,4.1,,,,,,,,,,,,,,,,,,,,,,,,,,,,,,,,,
Hawaii,22-Feb,4.2,,,,,,,,,,,,,,,,,,,,,,,,,,,,,,,,,
Hawaii,22-Jan,4.3,,,,,,,,,,,,,,,,,,,,,,,,,,,,,,,,,
Hawaii,21-Dec,4.3,,,,,,,,,,,,,,,,,,,,,,,,,,,,,,,,,
Hawaii,21-Nov,4.4,,,,,,,,,,,,,,,,,,,,,,,,,,,,,,,,,
Hawaii,21-Oct,4.7,,,,,,,,,,,,,,,,,,,,,,,,,,,,,,,,,
Hawaii,21-Sep,4.8,,,,,,,,,,,,,,,,,,,,,,,,,,,,,,,,,
Hawaii,21-Aug,5.3,,,,,,,,,,,,,,,,,,,,,,,,,,,,,,,,,
Hawaii,21-Jul,5.5,,,,,,,,,,,,,,,,,,,,,,,,,,,,,,,,,
Hawaii,21-Jun,5.9,,,,,,,,,,,,,,,,,,,,,,,,,,,,,,,,,
Hawaii,21-May,5.9,,,,,,,,,,,,,,,,,,,,,,,,,,,,,,,,,
Hawaii,21-Apr,6.3,,,,,,,,,,,,,,,,,,,,,,,,,,,,,,,,,
Hawaii,21-Mar,6.6,,,,,,,,,,,,,,,,,,,,,,,,,,,,,,,,,
Hawaii,21-Feb,7.3,,,,,,,,,,,,,,,,,,,,,,,,,,,,,,,,,
Hawaii,21-Jan,8.3,,,,,,,,,,,,,,,,,,,,,,,,,,,,,,,,,
Hawaii,20-Dec,9.8,,,,,,,,,,,,,,,,,,,,,,,,,,,,,,,,,
Hawaii,20-Nov,10.8,,,,,,,,,,,,,,,,,,,,,,,,,,,,,,,,,
Hawaii,20-Oct,12.1,,,,,,,,,,,,,,,,,,,,,,,,,,,,,,,,,
Hawaii,20-Sep,14.2,,,,,,,,,,,,,,,,,,,,,,,,,,,,,,,,,
Hawaii,20-Aug,13.9,,,,,,,,,,,,,,,,,,,,,,,,,,,,,,,,,
Hawaii,20-Jul,16.2,,,,,,,,,,,,,,,,,,,,,,,,,,,,,,,,,
Hawaii,20-Jun,17.7,,,,,,,,,,,,,,,,,,,,,,,,,,,,,,,,,
Hawaii,20-May,20.9,,,,,,,,,,,,,,,,,,,,,,,,,,,,,,,,,
Hawaii,20-Apr,22.4,,,,,,,,,,,,,,,,,,,,,,,,,,,,,,,,,
Hawaii,20-Mar,2.2,,,,,,,,,,,,,,,,,,,,,,,,,,,,,,,,,
Hawaii,20-Feb,2.2,,,,,,,,,,,,,,,,,,,,,,,,,,,,,,,,,
Hawaii,20-Jan,2.1,,,,,,,,,,,,,,,,,,,,,,,,,,,,,,,,,
Idaho,22-Oct,2.9,,,,,,,,,,,,,,,,,,,,,,,,,,,,,,,,,
Idaho,22-Sep,2.8,,,,,,,,,,,,,,,,,,,,,,,,,,,,,,,,,
Idaho,22-Aug,2.7,,,,,,,,,,,,,,,,,,,,,,,,,,,,,,,,,
Idaho,22-Jul,2.6,,,,,,,,,,,,,,,,,,,,,,,,,,,,,,,,,
Idaho,22-Jun,2.5,,,,,,,,,,,,,,,,,,,,,,,,,,,,,,,,,
Idaho,22-May,2.5,,,,,,,,,,,,,,,,,,,,,,,,,,,,,,,,,
Idaho,22-Apr,2.6,,,,,,,,,,,,,,,,,,,,,,,,,,,,,,,,,
Idaho,22-Mar,2.7,,,,,,,,,,,,,,,,,,,,,,,,,,,,,,,,,
Idaho,22-Feb,2.8,,,,,,,,,,,,,,,,,,,,,,,,,,,,,,,,,
Idaho,22-Jan,3,,,,,,,,,,,,,,,,,,,,,,,,,,,,,,,,,
Idaho,21-Dec,3.1,,,,,,,,,,,,,,,,,,,,,,,,,,,,,,,,,
Idaho,21-Nov,3.2,,,,,,,,,,,,,,,,,,,,,,,,,,,,,,,,,
Idaho,21-Oct,3.2,,,,,,,,,,,,,,,,,,,,,,,,,,,,,,,,,
Idaho,21-Sep,3.4,,,,,,,,,,,,,,,,,,,,,,,,,,,,,,,,,
Idaho,21-Aug,3.5,,,,,,,,,,,,,,,,,,,,,,,,,,,,,,,,,
Idaho,21-Jul,3.6,,,,,,,,,,,,,,,,,,,,,,,,,,,,,,,,,
Idaho,21-Jun,3.7,,,,,,,,,,,,,,,,,,,,,,,,,,,,,,,,,
Idaho,21-May,3.7,,,,,,,,,,,,,,,,,,,,,,,,,,,,,,,,,
Idaho,21-Apr,3.8,,,,,,,,,,,,,,,,,,,,,,,,,,,,,,,,,
Idaho,21-Mar,3.9,,,,,,,,,,,,,,,,,,,,,,,,,,,,,,,,,
Idaho,21-Feb,4,,,,,,,,,,,,,,,,,,,,,,,,,,,,,,,,,
Idaho,21-Jan,4,,,,,,,,,,,,,,,,,,,,,,,,,,,,,,,,,
Idaho,20-Dec,4.2,,,,,,,,,,,,,,,,,,,,,,,,,,,,,,,,,
Idaho,20-Nov,4.2,,,,,,,,,,,,,,,,,,,,,,,,,,,,,,,,,
Idaho,20-Oct,4.3,,,,,,,,,,,,,,,,,,,,,,,,,,,,,,,,,
Idaho,20-Sep,4.8,,,,,,,,,,,,,,,,,,,,,,,,,,,,,,,,,
Idaho,20-Aug,5.3,,,,,,,,,,,,,,,,,,,,,,,,,,,,,,,,,
Idaho,20-Jul,6.3,,,,,,,,,,,,,,,,,,,,,,,,,,,,,,,,,
Idaho,20-Jun,7.3,,,,,,,,,,,,,,,,,,,,,,,,,,,,,,,,,
Idaho,20-May,8.9,,,,,,,,,,,,,,,,,,,,,,,,,,,,,,,,,
Idaho,20-Apr,11.8,,,,,,,,,,,,,,,,,,,,,,,,,,,,,,,,,
Idaho,20-Mar,2.8,,,,,,,,,,,,,,,,,,,,,,,,,,,,,,,,,
Idaho,20-Feb,3,,,,,,,,,,,,,,,,,,,,,,,,,,,,,,,,,
Idaho,20-Jan,3,,,,,,,,,,,,,,,,,,,,,,,,,,,,,,,,,
Illinois,22-Oct,4.6,,,,,,,,,,,,,,,,,,,,,,,,,,,,,,,,,
Illinois,22-Sep,4.5,,,,,,,,,,,,,,,,,,,,,,,,,,,,,,,,,
Illinois,22-Aug,4.5,,,,,,,,,,,,,,,,,,,,,,,,,,,,,,,,,
Illinois,22-Jul,4.4,,,,,,,,,,,,,,,,,,,,,,,,,,,,,,,,,
Illinois,22-Jun,4.5,,,,,,,,,,,,,,,,,,,,,,,,,,,,,,,,,
Illinois,22-May,4.6,,,,,,,,,,,,,,,,,,,,,,,,,,,,,,,,,
Illinois,22-Apr,4.6,,,,,,,,,,,,,,,,,,,,,,,,,,,,,,,,,
Illinois,22-Mar,4.7,,,,,,,,,,,,,,,,,,,,,,,,,,,,,,,,,
Illinois,22-Feb,4.8,,,,,,,,,,,,,,,,,,,,,,,,,,,,,,,,,
Illinois,22-Jan,5,,,,,,,,,,,,,,,,,,,,,,,,,,,,,,,,,
Illinois,21-Dec,5.1,,,,,,,,,,,,,,,,,,,,,,,,,,,,,,,,,
Illinois,21-Nov,5.1,,,,,,,,,,,,,,,,,,,,,,,,,,,,,,,,,
Illinois,21-Oct,5.3,,,,,,,,,,,,,,,,,,,,,,,,,,,,,,,,,
Illinois,21-Sep,5.5,,,,,,,,,,,,,,,,,,,,,,,,,,,,,,,,,
Illinois,21-Aug,6,,,,,,,,,,,,,,,,,,,,,,,,,,,,,,,,,
Illinois,21-Jul,6.2,,,,,,,,,,,,,,,,,,,,,,,,,,,,,,,,,
Illinois,21-Jun,6.5,,,,,,,,,,,,,,,,,,,,,,,,,,,,,,,,,
Illinois,21-May,6.5,,,,,,,,,,,,,,,,,,,,,,,,,,,,,,,,,
Illinois,21-Apr,6.6,,,,,,,,,,,,,,,,,,,,,,,,,,,,,,,,,
Illinois,21-Mar,6.7,,,,,,,,,,,,,,,,,,,,,,,,,,,,,,,,,
Illinois,21-Feb,6.9,,,,,,,,,,,,,,,,,,,,,,,,,,,,,,,,,
Illinois,21-Jan,7.1,,,,,,,,,,,,,,,,,,,,,,,,,,,,,,,,,
Illinois,20-Dec,7.5,,,,,,,,,,,,,,,,,,,,,,,,,,,,,,,,,
Illinois,20-Nov,7.7,,,,,,,,,,,,,,,,,,,,,,,,,,,,,,,,,
Illinois,20-Oct,8.1,,,,,,,,,,,,,,,,,,,,,,,,,,,,,,,,,
Illinois,20-Sep,9,,,,,,,,,,,,,,,,,,,,,,,,,,,,,,,,,
Illinois,20-Aug,9.8,,,,,,,,,,,,,,,,,,,,,,,,,,,,,,,,,
Illinois,20-Jul,11.5,,,,,,,,,,,,,,,,,,,,,,,,,,,,,,,,,
Illinois,20-Jun,12.7,,,,,,,,,,,,,,,,,,,,,,,,,,,,,,,,,
Illinois,20-May,14.5,,,,,,,,,,,,,,,,,,,,,,,,,,,,,,,,,
Illinois,20-Apr,17.4,,,,,,,,,,,,,,,,,,,,,,,,,,,,,,,,,
Illinois,20-Mar,4.9,,,,,,,,,,,,,,,,,,,,,,,,,,,,,,,,,
Illinois,20-Feb,3.8,,,,,,,,,,,,,,,,,,,,,,,,,,,,,,,,,
Illinois,20-Jan,3.7,,,,,,,,,,,,,,,,,,,,,,,,,,,,,,,,,
Indiana,22-Oct,3,,,,,,,,,,,,,,,,,,,,,,,,,,,,,,,,,
Indiana,22-Sep,2.8,,,,,,,,,,,,,,,,,,,,,,,,,,,,,,,,,
Indiana,22-Aug,2.8,,,,,,,,,,,,,,,,,,,,,,,,,,,,,,,,,
Indiana,22-Jul,2.6,,,,,,,,,,,,,,,,,,,,,,,,,,,,,,,,,
Indiana,22-Jun,2.4,,,,,,,,,,,,,,,,,,,,,,,,,,,,,,,,,
Indiana,22-May,2.2,,,,,,,,,,,,,,,,,,,,,,,,,,,,,,,,,
Indiana,22-Apr,2.2,,,,,,,,,,,,,,,,,,,,,,,,,,,,,,,,,
Indiana,22-Mar,2.2,,,,,,,,,,,,,,,,,,,,,,,,,,,,,,,,,
Indiana,22-Feb,2.3,,,,,,,,,,,,,,,,,,,,,,,,,,,,,,,,,
Indiana,22-Jan,2.4,,,,,,,,,,,,,,,,,,,,,,,,,,,,,,,,,
Indiana,21-Dec,2.7,,,,,,,,,,,,,,,,,,,,,,,,,,,,,,,,,
Indiana,21-Nov,2.7,,,,,,,,,,,,,,,,,,,,,,,,,,,,,,,,,
Indiana,21-Oct,2.8,,,,,,,,,,,,,,,,,,,,,,,,,,,,,,,,,
Indiana,21-Sep,3.1,,,,,,,,,,,,,,,,,,,,,,,,,,,,,,,,,
Indiana,21-Aug,3.4,,,,,,,,,,,,,,,,,,,,,,,,,,,,,,,,,
Indiana,21-Jul,3.7,,,,,,,,,,,,,,,,,,,,,,,,,,,,,,,,,
Indiana,21-Jun,3.9,,,,,,,,,,,,,,,,,,,,,,,,,,,,,,,,,
Indiana,21-May,4,,,,,,,,,,,,,,,,,,,,,,,,,,,,,,,,,
Indiana,21-Apr,4.1,,,,,,,,,,,,,,,,,,,,,,,,,,,,,,,,,
Indiana,21-Mar,4.2,,,,,,,,,,,,,,,,,,,,,,,,,,,,,,,,,
Indiana,21-Feb,4.3,,,,,,,,,,,,,,,,,,,,,,,,,,,,,,,,,
Indiana,21-Jan,4.5,,,,,,,,,,,,,,,,,,,,,,,,,,,,,,,,,
Indiana,20-Dec,4.8,,,,,,,,,,,,,,,,,,,,,,,,,,,,,,,,,
Indiana,20-Nov,5.1,,,,,,,,,,,,,,,,,,,,,,,,,,,,,,,,,
Indiana,20-Oct,5.5,,,,,,,,,,,,,,,,,,,,,,,,,,,,,,,,,
Indiana,20-Sep,6.3,,,,,,,,,,,,,,,,,,,,,,,,,,,,,,,,,
Indiana,20-Aug,7.2,,,,,,,,,,,,,,,,,,,,,,,,,,,,,,,,,
Indiana,20-Jul,8.8,,,,,,,,,,,,,,,,,,,,,,,,,,,,,,,,,
Indiana,20-Jun,10.2,,,,,,,,,,,,,,,,,,,,,,,,,,,,,,,,,
Indiana,20-May,12.3,,,,,,,,,,,,,,,,,,,,,,,,,,,,,,,,,
Indiana,20-Apr,16.8,,,,,,,,,,,,,,,,,,,,,,,,,,,,,,,,,
Indiana,20-Mar,3.5,,,,,,,,,,,,,,,,,,,,,,,,,,,,,,,,,
Indiana,20-Feb,3.4,,,,,,,,,,,,,,,,,,,,,,,,,,,,,,,,,
Indiana,20-Jan,3.4,,,,,,,,,,,,,,,,,,,,,,,,,,,,,,,,,
Iowa,22-Oct,2.9,,,,,,,,,,,,,,,,,,,,,,,,,,,,,,,,,
Iowa,22-Sep,2.7,,,,,,,,,,,,,,,,,,,,,,,,,,,,,,,,,
Iowa,22-Aug,2.6,,,,,,,,,,,,,,,,,,,,,,,,,,,,,,,,,
Iowa,22-Jul,2.5,,,,,,,,,,,,,,,,,,,,,,,,,,,,,,,,,
Iowa,22-Jun,2.6,,,,,,,,,,,,,,,,,,,,,,,,,,,,,,,,,
Iowa,22-May,2.7,,,,,,,,,,,,,,,,,,,,,,,,,,,,,,,,,
Iowa,22-Apr,3,,,,,,,,,,,,,,,,,,,,,,,,,,,,,,,,,
Iowa,22-Mar,3.3,,,,,,,,,,,,,,,,,,,,,,,,,,,,,,,,,
Iowa,22-Feb,3.5,,,,,,,,,,,,,,,,,,,,,,,,,,,,,,,,,
Iowa,22-Jan,3.7,,,,,,,,,,,,,,,,,,,,,,,,,,,,,,,,,
Iowa,21-Dec,3.9,,,,,,,,,,,,,,,,,,,,,,,,,,,,,,,,,
Iowa,21-Nov,3.9,,,,,,,,,,,,,,,,,,,,,,,,,,,,,,,,,
Iowa,21-Oct,4,,,,,,,,,,,,,,,,,,,,,,,,,,,,,,,,,
Iowa,21-Sep,4.1,,,,,,,,,,,,,,,,,,,,,,,,,,,,,,,,,
Iowa,21-Aug,4.3,,,,,,,,,,,,,,,,,,,,,,,,,,,,,,,,,
Iowa,21-Jul,4.4,,,,,,,,,,,,,,,,,,,,,,,,,,,,,,,,,
Iowa,21-Jun,4.5,,,,,,,,,,,,,,,,,,,,,,,,,,,,,,,,,
Iowa,21-May,4.5,,,,,,,,,,,,,,,,,,,,,,,,,,,,,,,,,
Iowa,21-Apr,4.5,,,,,,,,,,,,,,,,,,,,,,,,,,,,,,,,,
Iowa,21-Mar,4.4,,,,,,,,,,,,,,,,,,,,,,,,,,,,,,,,,
Iowa,21-Feb,4.4,,,,,,,,,,,,,,,,,,,,,,,,,,,,,,,,,
Iowa,21-Jan,4.4,,,,,,,,,,,,,,,,,,,,,,,,,,,,,,,,,
Iowa,20-Dec,4.5,,,,,,,,,,,,,,,,,,,,,,,,,,,,,,,,,
Iowa,20-Nov,4.5,,,,,,,,,,,,,,,,,,,,,,,,,,,,,,,,,
Iowa,20-Oct,4.5,,,,,,,,,,,,,,,,,,,,,,,,,,,,,,,,,
Iowa,20-Sep,4.8,,,,,,,,,,,,,,,,,,,,,,,,,,,,,,,,,
Iowa,20-Aug,5.1,,,,,,,,,,,,,,,,,,,,,,,,,,,,,,,,,
Iowa,20-Jul,5.8,,,,,,,,,,,,,,,,,,,,,,,,,,,,,,,,,
Iowa,20-Jun,6.5,,,,,,,,,,,,,,,,,,,,,,,,,,,,,,,,,
Iowa,20-May,8,,,,,,,,,,,,,,,,,,,,,,,,,,,,,,,,,
Iowa,20-Apr,10.5,,,,,,,,,,,,,,,,,,,,,,,,,,,,,,,,,
Iowa,20-Mar,2.6,,,,,,,,,,,,,,,,,,,,,,,,,,,,,,,,,
Iowa,20-Feb,2.6,,,,,,,,,,,,,,,,,,,,,,,,,,,,,,,,,
Iowa,20-Jan,2.6,,,,,,,,,,,,,,,,,,,,,,,,,,,,,,,,,
Kansas,22-Oct,2.8,,,,,,,,,,,,,,,,,,,,,,,,,,,,,,,,,
Kansas,22-Sep,2.6,,,,,,,,,,,,,,,,,,,,,,,,,,,,,,,,,
Kansas,22-Aug,2.5,,,,,,,,,,,,,,,,,,,,,,,,,,,,,,,,,
Kansas,22-Jul,2.4,,,,,,,,,,,,,,,,,,,,,,,,,,,,,,,,,
Kansas,22-Jun,2.4,,,,,,,,,,,,,,,,,,,,,,,,,,,,,,,,,
Kansas,22-May,2.3,,,,,,,,,,,,,,,,,,,,,,,,,,,,,,,,,
Kansas,22-Apr,2.4,,,,,,,,,,,,,,,,,,,,,,,,,,,,,,,,,
Kansas,22-Mar,2.4,,,,,,,,,,,,,,,,,,,,,,,,,,,,,,,,,
Kansas,22-Feb,2.5,,,,,,,,,,,,,,,,,,,,,,,,,,,,,,,,,
Kansas,22-Jan,2.6,,,,,,,,,,,,,,,,,,,,,,,,,,,,,,,,,
Kansas,21-Dec,2.8,,,,,,,,,,,,,,,,,,,,,,,,,,,,,,,,,
Kansas,21-Nov,2.8,,,,,,,,,,,,,,,,,,,,,,,,,,,,,,,,,
Kansas,21-Oct,2.9,,,,,,,,,,,,,,,,,,,,,,,,,,,,,,,,,
Kansas,21-Sep,3,,,,,,,,,,,,,,,,,,,,,,,,,,,,,,,,,
Kansas,21-Aug,3.2,,,,,,,,,,,,,,,,,,,,,,,,,,,,,,,,,
Kansas,21-Jul,3.4,,,,,,,,,,,,,,,,,,,,,,,,,,,,,,,,,
Kansas,21-Jun,3.5,,,,,,,,,,,,,,,,,,,,,,,,,,,,,,,,,
Kansas,21-May,3.4,,,,,,,,,,,,,,,,,,,,,,,,,,,,,,,,,
Kansas,21-Apr,3.5,,,,,,,,,,,,,,,,,,,,,,,,,,,,,,,,,
Kansas,21-Mar,3.5,,,,,,,,,,,,,,,,,,,,,,,,,,,,,,,,,
Kansas,21-Feb,3.6,,,,,,,,,,,,,,,,,,,,,,,,,,,,,,,,,
Kansas,21-Jan,3.8,,,,,,,,,,,,,,,,,,,,,,,,,,,,,,,,,
Kansas,20-Dec,4.2,,,,,,,,,,,,,,,,,,,,,,,,,,,,,,,,,
Kansas,20-Nov,4.4,,,,,,,,,,,,,,,,,,,,,,,,,,,,,,,,,
Kansas,20-Oct,4.7,,,,,,,,,,,,,,,,,,,,,,,,,,,,,,,,,
Kansas,20-Sep,5.2,,,,,,,,,,,,,,,,,,,,,,,,,,,,,,,,,
Kansas,20-Aug,5.6,,,,,,,,,,,,,,,,,,,,,,,,,,,,,,,,,
Kansas,20-Jul,6.4,,,,,,,,,,,,,,,,,,,,,,,,,,,,,,,,,
Kansas,20-Jun,7.2,,,,,,,,,,,,,,,,,,,,,,,,,,,,,,,,,
Kansas,20-May,9,,,,,,,,,,,,,,,,,,,,,,,,,,,,,,,,,
Kansas,20-Apr,12.2,,,,,,,,,,,,,,,,,,,,,,,,,,,,,,,,,
Kansas,20-Mar,3.1,,,,,,,,,,,,,,,,,,,,,,,,,,,,,,,,,
Kansas,20-Feb,3.1,,,,,,,,,,,,,,,,,,,,,,,,,,,,,,,,,
Kansas,20-Jan,3.1,,,,,,,,,,,,,,,,,,,,,,,,,,,,,,,,,
Kentucky,22-Oct,3.9,,,,,,,,,,,,,,,,,,,,,,,,,,,,,,,,,
Kentucky,22-Sep,3.8,,,,,,,,,,,,,,,,,,,,,,,,,,,,,,,,,
Kentucky,22-Aug,3.8,,,,,,,,,,,,,,,,,,,,,,,,,,,,,,,,,
Kentucky,22-Jul,3.7,,,,,,,,,,,,,,,,,,,,,,,,,,,,,,,,,
Kentucky,22-Jun,3.7,,,,,,,,,,,,,,,,,,,,,,,,,,,,,,,,,
Kentucky,22-May,3.8,,,,,,,,,,,,,,,,,,,,,,,,,,,,,,,,,
Kentucky,22-Apr,3.9,,,,,,,,,,,,,,,,,,,,,,,,,,,,,,,,,
Kentucky,22-Mar,4,,,,,,,,,,,,,,,,,,,,,,,,,,,,,,,,,
Kentucky,22-Feb,4.2,,,,,,,,,,,,,,,,,,,,,,,,,,,,,,,,,
Kentucky,22-Jan,4.4,,,,,,,,,,,,,,,,,,,,,,,,,,,,,,,,,
Kentucky,21-Dec,4.6,,,,,,,,,,,,,,,,,,,,,,,,,,,,,,,,,
Kentucky,21-Nov,4.6,,,,,,,,,,,,,,,,,,,,,,,,,,,,,,,,,
Kentucky,21-Oct,4.6,,,,,,,,,,,,,,,,,,,,,,,,,,,,,,,,,
Kentucky,21-Sep,4.7,,,,,,,,,,,,,,,,,,,,,,,,,,,,,,,,,
Kentucky,21-Aug,4.8,,,,,,,,,,,,,,,,,,,,,,,,,,,,,,,,,
Kentucky,21-Jul,4.8,,,,,,,,,,,,,,,,,,,,,,,,,,,,,,,,,
Kentucky,21-Jun,4.8,,,,,,,,,,,,,,,,,,,,,,,,,,,,,,,,,
Kentucky,21-May,4.7,,,,,,,,,,,,,,,,,,,,,,,,,,,,,,,,,
Kentucky,21-Apr,4.7,,,,,,,,,,,,,,,,,,,,,,,,,,,,,,,,,
Kentucky,21-Mar,4.7,,,,,,,,,,,,,,,,,,,,,,,,,,,,,,,,,
Kentucky,21-Feb,4.7,,,,,,,,,,,,,,,,,,,,,,,,,,,,,,,,,
Kentucky,21-Jan,4.8,,,,,,,,,,,,,,,,,,,,,,,,,,,,,,,,,
Kentucky,20-Dec,4.9,,,,,,,,,,,,,,,,,,,,,,,,,,,,,,,,,
Kentucky,20-Nov,4.9,,,,,,,,,,,,,,,,,,,,,,,,,,,,,,,,,
Kentucky,20-Oct,4.9,,,,,,,,,,,,,,,,,,,,,,,,,,,,,,,,,
Kentucky,20-Sep,5.1,,,,,,,,,,,,,,,,,,,,,,,,,,,,,,,,,
Kentucky,20-Aug,5.2,,,,,,,,,,,,,,,,,,,,,,,,,,,,,,,,,
Kentucky,20-Jul,5.7,,,,,,,,,,,,,,,,,,,,,,,,,,,,,,,,,
Kentucky,20-Jun,5.1,,,,,,,,,,,,,,,,,,,,,,,,,,,,,,,,,
Kentucky,20-May,12.6,,,,,,,,,,,,,,,,,,,,,,,,,,,,,,,,,
Kentucky,20-Apr,16.5,,,,,,,,,,,,,,,,,,,,,,,,,,,,,,,,,
Kentucky,20-Mar,4.1,,,,,,,,,,,,,,,,,,,,,,,,,,,,,,,,,
Kentucky,20-Feb,4.1,,,,,,,,,,,,,,,,,,,,,,,,,,,,,,,,,
Kentucky,20-Jan,4,,,,,,,,,,,,,,,,,,,,,,,,,,,,,,,,,
Louisiana,22-Oct,3.3,,,,,,,,,,,,,,,,,,,,,,,,,,,,,,,,,
Louisiana,22-Sep,3.4,,,,,,,,,,,,,,,,,,,,,,,,,,,,,,,,,
Louisiana,22-Aug,3.5,,,,,,,,,,,,,,,,,,,,,,,,,,,,,,,,,
Louisiana,22-Jul,3.7,,,,,,,,,,,,,,,,,,,,,,,,,,,,,,,,,
Louisiana,22-Jun,3.8,,,,,,,,,,,,,,,,,,,,,,,,,,,,,,,,,
Louisiana,22-May,4,,,,,,,,,,,,,,,,,,,,,,,,,,,,,,,,,
Louisiana,22-Apr,4.1,,,,,,,,,,,,,,,,,,,,,,,,,,,,,,,,,
Louisiana,22-Mar,4.2,,,,,,,,,,,,,,,,,,,,,,,,,,,,,,,,,
Louisiana,22-Feb,4.3,,,,,,,,,,,,,,,,,,,,,,,,,,,,,,,,,
Louisiana,22-Jan,4.3,,,,,,,,,,,,,,,,,,,,,,,,,,,,,,,,,
Louisiana,21-Dec,4.4,,,,,,,,,,,,,,,,,,,,,,,,,,,,,,,,,
Louisiana,21-Nov,4.5,,,,,,,,,,,,,,,,,,,,,,,,,,,,,,,,,
Louisiana,21-Oct,4.6,,,,,,,,,,,,,,,,,,,,,,,,,,,,,,,,,
Louisiana,21-Sep,4.8,,,,,,,,,,,,,,,,,,,,,,,,,,,,,,,,,
Louisiana,21-Aug,5.2,,,,,,,,,,,,,,,,,,,,,,,,,,,,,,,,,
Louisiana,21-Jul,5.5,,,,,,,,,,,,,,,,,,,,,,,,,,,,,,,,,
Louisiana,21-Jun,5.8,,,,,,,,,,,,,,,,,,,,,,,,,,,,,,,,,
Louisiana,21-May,5.9,,,,,,,,,,,,,,,,,,,,,,,,,,,,,,,,,
Louisiana,21-Apr,6.1,,,,,,,,,,,,,,,,,,,,,,,,,,,,,,,,,
Louisiana,21-Mar,6.1,,,,,,,,,,,,,,,,,,,,,,,,,,,,,,,,,
Louisiana,21-Feb,6.3,,,,,,,,,,,,,,,,,,,,,,,,,,,,,,,,,
Louisiana,21-Jan,6.5,,,,,,,,,,,,,,,,,,,,,,,,,,,,,,,,,
Louisiana,20-Dec,7,,,,,,,,,,,,,,,,,,,,,,,,,,,,,,,,,
Louisiana,20-Nov,7.4,,,,,,,,,,,,,,,,,,,,,,,,,,,,,,,,,
Louisiana,20-Oct,8,,,,,,,,,,,,,,,,,,,,,,,,,,,,,,,,,
Louisiana,20-Sep,8.9,,,,,,,,,,,,,,,,,,,,,,,,,,,,,,,,,
Louisiana,20-Aug,9.4,,,,,,,,,,,,,,,,,,,,,,,,,,,,,,,,,
Louisiana,20-Jul,10.5,,,,,,,,,,,,,,,,,,,,,,,,,,,,,,,,,
Louisiana,20-Jun,11,,,,,,,,,,,,,,,,,,,,,,,,,,,,,,,,,
Louisiana,20-May,12.3,,,,,,,,,,,,,,,,,,,,,,,,,,,,,,,,,
Louisiana,20-Apr,13.5,,,,,,,,,,,,,,,,,,,,,,,,,,,,,,,,,
Louisiana,20-Mar,6.8,,,,,,,,,,,,,,,,,,,,,,,,,,,,,,,,,
Louisiana,20-Feb,5.2,,,,,,,,,,,,,,,,,,,,,,,,,,,,,,,,,
Louisiana,20-Jan,5.2,,,,,,,,,,,,,,,,,,,,,,,,,,,,,,,,,
Maine,22-Oct,3.6,,,,,,,,,,,,,,,,,,,,,,,,,,,,,,,,,
Maine,22-Sep,3.3,,,,,,,,,,,,,,,,,,,,,,,,,,,,,,,,,
Maine,22-Aug,3.1,,,,,,,,,,,,,,,,,,,,,,,,,,,,,,,,,
Maine,22-Jul,2.8,,,,,,,,,,,,,,,,,,,,,,,,,,,,,,,,,
Maine,22-Jun,3,,,,,,,,,,,,,,,,,,,,,,,,,,,,,,,,,
Maine,22-May,3.2,,,,,,,,,,,,,,,,,,,,,,,,,,,,,,,,,
Maine,22-Apr,3.3,,,,,,,,,,,,,,,,,,,,,,,,,,,,,,,,,
Maine,22-Mar,3.6,,,,,,,,,,,,,,,,,,,,,,,,,,,,,,,,,
Maine,22-Feb,4,,,,,,,,,,,,,,,,,,,,,,,,,,,,,,,,,
Maine,22-Jan,4.1,,,,,,,,,,,,,,,,,,,,,,,,,,,,,,,,,
Maine,21-Dec,4.1,,,,,,,,,,,,,,,,,,,,,,,,,,,,,,,,,
Maine,21-Nov,4.2,,,,,,,,,,,,,,,,,,,,,,,,,,,,,,,,,
Maine,21-Oct,4.4,,,,,,,,,,,,,,,,,,,,,,,,,,,,,,,,,
Maine,21-Sep,4.5,,,,,,,,,,,,,,,,,,,,,,,,,,,,,,,,,
Maine,21-Aug,4.8,,,,,,,,,,,,,,,,,,,,,,,,,,,,,,,,,
Maine,21-Jul,4.9,,,,,,,,,,,,,,,,,,,,,,,,,,,,,,,,,
Maine,21-Jun,5,,,,,,,,,,,,,,,,,,,,,,,,,,,,,,,,,
Maine,21-May,4.9,,,,,,,,,,,,,,,,,,,,,,,,,,,,,,,,,
Maine,21-Apr,5,,,,,,,,,,,,,,,,,,,,,,,,,,,,,,,,,
Maine,21-Mar,4.8,,,,,,,,,,,,,,,,,,,,,,,,,,,,,,,,,
Maine,21-Feb,4.6,,,,,,,,,,,,,,,,,,,,,,,,,,,,,,,,,
Maine,21-Jan,4.4,,,,,,,,,,,,,,,,,,,,,,,,,,,,,,,,,
Maine,20-Dec,4.4,,,,,,,,,,,,,,,,,,,,,,,,,,,,,,,,,
Maine,20-Nov,4.1,,,,,,,,,,,,,,,,,,,,,,,,,,,,,,,,,
Maine,20-Oct,4.1,,,,,,,,,,,,,,,,,,,,,,,,,,,,,,,,,
Maine,20-Sep,4.4,,,,,,,,,,,,,,,,,,,,,,,,,,,,,,,,,
Maine,20-Aug,4.6,,,,,,,,,,,,,,,,,,,,,,,,,,,,,,,,,
Maine,20-Jul,6.3,,,,,,,,,,,,,,,,,,,,,,,,,,,,,,,,,
Maine,20-Jun,6.6,,,,,,,,,,,,,,,,,,,,,,,,,,,,,,,,,
Maine,20-May,9.2,,,,,,,,,,,,,,,,,,,,,,,,,,,,,,,,,
Maine,20-Apr,9.1,,,,,,,,,,,,,,,,,,,,,,,,,,,,,,,,,
Maine,20-Mar,2.7,,,,,,,,,,,,,,,,,,,,,,,,,,,,,,,,,
Maine,20-Feb,2.8,,,,,,,,,,,,,,,,,,,,,,,,,,,,,,,,,
Maine,20-Jan,2.9,,,,,,,,,,,,,,,,,,,,,,,,,,,,,,,,,
Maryland,22-Oct,4.5,,,,,,,,,,,,,,,,,,,,,,,,,,,,,,,,,
Maryland,22-Sep,4,,,,,,,,,,,,,,,,,,,,,,,,,,,,,,,,,
Maryland,22-Aug,4.3,,,,,,,,,,,,,,,,,,,,,,,,,,,,,,,,,
Maryland,22-Jul,3.9,,,,,,,,,,,,,,,,,,,,,,,,,,,,,,,,,
Maryland,22-Jun,4,,,,,,,,,,,,,,,,,,,,,,,,,,,,,,,,,
Maryland,22-May,4,,,,,,,,,,,,,,,,,,,,,,,,,,,,,,,,,
Maryland,22-Apr,4.2,,,,,,,,,,,,,,,,,,,,,,,,,,,,,,,,,
Maryland,22-Mar,4.6,,,,,,,,,,,,,,,,,,,,,,,,,,,,,,,,,
Maryland,22-Feb,5,,,,,,,,,,,,,,,,,,,,,,,,,,,,,,,,,
Maryland,22-Jan,5.4,,,,,,,,,,,,,,,,,,,,,,,,,,,,,,,,,
Maryland,21-Dec,5.4,,,,,,,,,,,,,,,,,,,,,,,,,,,,,,,,,
Maryland,21-Nov,5.4,,,,,,,,,,,,,,,,,,,,,,,,,,,,,,,,,
Maryland,21-Oct,5.7,,,,,,,,,,,,,,,,,,,,,,,,,,,,,,,,,
Maryland,21-Sep,5.8,,,,,,,,,,,,,,,,,,,,,,,,,,,,,,,,,
Maryland,21-Aug,6.2,,,,,,,,,,,,,,,,,,,,,,,,,,,,,,,,,
Maryland,21-Jul,6.1,,,,,,,,,,,,,,,,,,,,,,,,,,,,,,,,,
Maryland,21-Jun,6.1,,,,,,,,,,,,,,,,,,,,,,,,,,,,,,,,,
Maryland,21-May,5.7,,,,,,,,,,,,,,,,,,,,,,,,,,,,,,,,,
Maryland,21-Apr,5.7,,,,,,,,,,,,,,,,,,,,,,,,,,,,,,,,,
Maryland,21-Mar,5.7,,,,,,,,,,,,,,,,,,,,,,,,,,,,,,,,,
Maryland,21-Feb,5.7,,,,,,,,,,,,,,,,,,,,,,,,,,,,,,,,,
Maryland,21-Jan,5.9,,,,,,,,,,,,,,,,,,,,,,,,,,,,,,,,,
Maryland,20-Dec,6.3,,,,,,,,,,,,,,,,,,,,,,,,,,,,,,,,,
Maryland,20-Nov,6.1,,,,,,,,,,,,,,,,,,,,,,,,,,,,,,,,,
Maryland,20-Oct,6.2,,,,,,,,,,,,,,,,,,,,,,,,,,,,,,,,,
Maryland,20-Sep,6.8,,,,,,,,,,,,,,,,,,,,,,,,,,,,,,,,,
Maryland,20-Aug,7.2,,,,,,,,,,,,,,,,,,,,,,,,,,,,,,,,,
Maryland,20-Jul,8.1,,,,,,,,,,,,,,,,,,,,,,,,,,,,,,,,,
Maryland,20-Jun,8.6,,,,,,,,,,,,,,,,,,,,,,,,,,,,,,,,,
Maryland,20-May,9.5,,,,,,,,,,,,,,,,,,,,,,,,,,,,,,,,,
Maryland,20-Apr,9.5,,,,,,,,,,,,,,,,,,,,,,,,,,,,,,,,,
Maryland,20-Mar,4.2,,,,,,,,,,,,,,,,,,,,,,,,,,,,,,,,,
Maryland,20-Feb,4.2,,,,,,,,,,,,,,,,,,,,,,,,,,,,,,,,,
Maryland,20-Jan,4,,,,,,,,,,,,,,,,,,,,,,,,,,,,,,,,,
Massachusetts,22-Oct,3.5,,,,,,,,,,,,,,,,,,,,,,,,,,,,,,,,,
Massachusetts,22-Sep,3.4,,,,,,,,,,,,,,,,,,,,,,,,,,,,,,,,,
Massachusetts,22-Aug,3.6,,,,,,,,,,,,,,,,,,,,,,,,,,,,,,,,,
Massachusetts,22-Jul,3.5,,,,,,,,,,,,,,,,,,,,,,,,,,,,,,,,,
Massachusetts,22-Jun,3.7,,,,,,,,,,,,,,,,,,,,,,,,,,,,,,,,,
Massachusetts,22-May,3.9,,,,,,,,,,,,,,,,,,,,,,,,,,,,,,,,,
Massachusetts,22-Apr,4.1,,,,,,,,,,,,,,,,,,,,,,,,,,,,,,,,,
Massachusetts,22-Mar,4.3,,,,,,,,,,,,,,,,,,,,,,,,,,,,,,,,,
Massachusetts,22-Feb,4.7,,,,,,,,,,,,,,,,,,,,,,,,,,,,,,,,,
Massachusetts,22-Jan,4.8,,,,,,,,,,,,,,,,,,,,,,,,,,,,,,,,,
Massachusetts,21-Dec,4.6,,,,,,,,,,,,,,,,,,,,,,,,,,,,,,,,,
Massachusetts,21-Nov,4.8,,,,,,,,,,,,,,,,,,,,,,,,,,,,,,,,,
Massachusetts,21-Oct,5,,,,,,,,,,,,,,,,,,,,,,,,,,,,,,,,,
Massachusetts,21-Sep,5.1,,,,,,,,,,,,,,,,,,,,,,,,,,,,,,,,,
Massachusetts,21-Aug,5.5,,,,,,,,,,,,,,,,,,,,,,,,,,,,,,,,,
Massachusetts,21-Jul,5.7,,,,,,,,,,,,,,,,,,,,,,,,,,,,,,,,,
Massachusetts,21-Jun,6,,,,,,,,,,,,,,,,,,,,,,,,,,,,,,,,,
Massachusetts,21-May,5.9,,,,,,,,,,,,,,,,,,,,,,,,,,,,,,,,,
Massachusetts,21-Apr,6.3,,,,,,,,,,,,,,,,,,,,,,,,,,,,,,,,,
Massachusetts,21-Mar,6.4,,,,,,,,,,,,,,,,,,,,,,,,,,,,,,,,,
Massachusetts,21-Feb,6.7,,,,,,,,,,,,,,,,,,,,,,,,,,,,,,,,,
Massachusetts,21-Jan,7.1,,,,,,,,,,,,,,,,,,,,,,,,,,,,,,,,,
Massachusetts,20-Dec,7.7,,,,,,,,,,,,,,,,,,,,,,,,,,,,,,,,,
Massachusetts,20-Nov,8.1,,,,,,,,,,,,,,,,,,,,,,,,,,,,,,,,,
Massachusetts,20-Oct,8.6,,,,,,,,,,,,,,,,,,,,,,,,,,,,,,,,,
Massachusetts,20-Sep,9.9,,,,,,,,,,,,,,,,,,,,,,,,,,,,,,,,,
Massachusetts,20-Aug,10.6,,,,,,,,,,,,,,,,,,,,,,,,,,,,,,,,,
Massachusetts,20-Jul,12.7,,,,,,,,,,,,,,,,,,,,,,,,,,,,,,,,,
Massachusetts,20-Jun,14.4,,,,,,,,,,,,,,,,,,,,,,,,,,,,,,,,,
Massachusetts,20-May,15.5,,,,,,,,,,,,,,,,,,,,,,,,,,,,,,,,,
Massachusetts,20-Apr,17.1,,,,,,,,,,,,,,,,,,,,,,,,,,,,,,,,,
Massachusetts,20-Mar,2.9,,,,,,,,,,,,,,,,,,,,,,,,,,,,,,,,,
Massachusetts,20-Feb,2.9,,,,,,,,,,,,,,,,,,,,,,,,,,,,,,,,,
Massachusetts,20-Jan,3,,,,,,,,,,,,,,,,,,,,,,,,,,,,,,,,,
Michigan,22-Oct,4.2,,,,,,,,,,,,,,,,,,,,,,,,,,,,,,,,,
Michigan,22-Sep,4.1,,,,,,,,,,,,,,,,,,,,,,,,,,,,,,,,,
Michigan,22-Aug,4.1,,,,,,,,,,,,,,,,,,,,,,,,,,,,,,,,,
Michigan,22-Jul,4.2,,,,,,,,,,,,,,,,,,,,,,,,,,,,,,,,,
Michigan,22-Jun,4.3,,,,,,,,,,,,,,,,,,,,,,,,,,,,,,,,,
Michigan,22-May,4.3,,,,,,,,,,,,,,,,,,,,,,,,,,,,,,,,,
Michigan,22-Apr,4.3,,,,,,,,,,,,,,,,,,,,,,,,,,,,,,,,,
Michigan,22-Mar,4.4,,,,,,,,,,,,,,,,,,,,,,,,,,,,,,,,,
Michigan,22-Feb,4.7,,,,,,,,,,,,,,,,,,,,,,,,,,,,,,,,,
Michigan,22-Jan,4.9,,,,,,,,,,,,,,,,,,,,,,,,,,,,,,,,,
Michigan,21-Dec,5.1,,,,,,,,,,,,,,,,,,,,,,,,,,,,,,,,,
Michigan,21-Nov,5.2,,,,,,,,,,,,,,,,,,,,,,,,,,,,,,,,,
Michigan,21-Oct,5.4,,,,,,,,,,,,,,,,,,,,,,,,,,,,,,,,,
Michigan,21-Sep,5.7,,,,,,,,,,,,,,,,,,,,,,,,,,,,,,,,,
Michigan,21-Aug,6,,,,,,,,,,,,,,,,,,,,,,,,,,,,,,,,,
Michigan,21-Jul,6.2,,,,,,,,,,,,,,,,,,,,,,,,,,,,,,,,,
Michigan,21-Jun,6.3,,,,,,,,,,,,,,,,,,,,,,,,,,,,,,,,,
Michigan,21-May,6.2,,,,,,,,,,,,,,,,,,,,,,,,,,,,,,,,,
Michigan,21-Apr,6.2,,,,,,,,,,,,,,,,,,,,,,,,,,,,,,,,,
Michigan,21-Mar,6.2,,,,,,,,,,,,,,,,,,,,,,,,,,,,,,,,,
Michigan,21-Feb,6.3,,,,,,,,,,,,,,,,,,,,,,,,,,,,,,,,,
Michigan,21-Jan,6.4,,,,,,,,,,,,,,,,,,,,,,,,,,,,,,,,,
Michigan,20-Dec,7,,,,,,,,,,,,,,,,,,,,,,,,,,,,,,,,,
Michigan,20-Nov,7.1,,,,,,,,,,,,,,,,,,,,,,,,,,,,,,,,,
Michigan,20-Oct,7.5,,,,,,,,,,,,,,,,,,,,,,,,,,,,,,,,,
Michigan,20-Sep,8.7,,,,,,,,,,,,,,,,,,,,,,,,,,,,,,,,,
Michigan,20-Aug,9.9,,,,,,,,,,,,,,,,,,,,,,,,,,,,,,,,,
Michigan,20-Jul,12.6,,,,,,,,,,,,,,,,,,,,,,,,,,,,,,,,,
Michigan,20-Jun,14.6,,,,,,,,,,,,,,,,,,,,,,,,,,,,,,,,,
Michigan,20-May,19.2,,,,,,,,,,,,,,,,,,,,,,,,,,,,,,,,,
Michigan,20-Apr,22.7,,,,,,,,,,,,,,,,,,,,,,,,,,,,,,,,,
Michigan,20-Mar,3.8,,,,,,,,,,,,,,,,,,,,,,,,,,,,,,,,,
Michigan,20-Feb,3.8,,,,,,,,,,,,,,,,,,,,,,,,,,,,,,,,,
Michigan,20-Jan,3.8,,,,,,,,,,,,,,,,,,,,,,,,,,,,,,,,,
Minnesota,22-Oct,2.1,,,,,,,,,,,,,,,,,,,,,,,,,,,,,,,,,
Minnesota,22-Sep,2,,,,,,,,,,,,,,,,,,,,,,,,,,,,,,,,,
Minnesota,22-Aug,1.9,,,,,,,,,,,,,,,,,,,,,,,,,,,,,,,,,
Minnesota,22-Jul,1.8,,,,,,,,,,,,,,,,,,,,,,,,,,,,,,,,,
Minnesota,22-Jun,1.8,,,,,,,,,,,,,,,,,,,,,,,,,,,,,,,,,
Minnesota,22-May,2,,,,,,,,,,,,,,,,,,,,,,,,,,,,,,,,,
Minnesota,22-Apr,2.2,,,,,,,,,,,,,,,,,,,,,,,,,,,,,,,,,
Minnesota,22-Mar,2.5,,,,,,,,,,,,,,,,,,,,,,,,,,,,,,,,,
Minnesota,22-Feb,2.7,,,,,,,,,,,,,,,,,,,,,,,,,,,,,,,,,
Minnesota,22-Jan,2.9,,,,,,,,,,,,,,,,,,,,,,,,,,,,,,,,,
Minnesota,21-Dec,3,,,,,,,,,,,,,,,,,,,,,,,,,,,,,,,,,
Minnesota,21-Nov,3.1,,,,,,,,,,,,,,,,,,,,,,,,,,,,,,,,,
Minnesota,21-Oct,3.1,,,,,,,,,,,,,,,,,,,,,,,,,,,,,,,,,
Minnesota,21-Sep,3.2,,,,,,,,,,,,,,,,,,,,,,,,,,,,,,,,,
Minnesota,21-Aug,3.3,,,,,,,,,,,,,,,,,,,,,,,,,,,,,,,,,
Minnesota,21-Jul,3.3,,,,,,,,,,,,,,,,,,,,,,,,,,,,,,,,,
Minnesota,21-Jun,3.4,,,,,,,,,,,,,,,,,,,,,,,,,,,,,,,,,
Minnesota,21-May,3.4,,,,,,,,,,,,,,,,,,,,,,,,,,,,,,,,,
Minnesota,21-Apr,3.5,,,,,,,,,,,,,,,,,,,,,,,,,,,,,,,,,
Minnesota,21-Mar,3.7,,,,,,,,,,,,,,,,,,,,,,,,,,,,,,,,,
Minnesota,21-Feb,3.9,,,,,,,,,,,,,,,,,,,,,,,,,,,,,,,,,
Minnesota,21-Jan,4.2,,,,,,,,,,,,,,,,,,,,,,,,,,,,,,,,,
Minnesota,20-Dec,4.6,,,,,,,,,,,,,,,,,,,,,,,,,,,,,,,,,
Minnesota,20-Nov,5,,,,,,,,,,,,,,,,,,,,,,,,,,,,,,,,,
Minnesota,20-Oct,5.5,,,,,,,,,,,,,,,,,,,,,,,,,,,,,,,,,
Minnesota,20-Sep,6.2,,,,,,,,,,,,,,,,,,,,,,,,,,,,,,,,,
Minnesota,20-Aug,6.9,,,,,,,,,,,,,,,,,,,,,,,,,,,,,,,,,
Minnesota,20-Jul,7.9,,,,,,,,,,,,,,,,,,,,,,,,,,,,,,,,,
Minnesota,20-Jun,8.7,,,,,,,,,,,,,,,,,,,,,,,,,,,,,,,,,
Minnesota,20-May,10.8,,,,,,,,,,,,,,,,,,,,,,,,,,,,,,,,,
Minnesota,20-Apr,9,,,,,,,,,,,,,,,,,,,,,,,,,,,,,,,,,
Minnesota,20-Mar,4,,,,,,,,,,,,,,,,,,,,,,,,,,,,,,,,,
Minnesota,20-Feb,3.9,,,,,,,,,,,,,,,,,,,,,,,,,,,,,,,,,
Minnesota,20-Jan,3.8,,,,,,,,,,,,,,,,,,,,,,,,,,,,,,,,,
Mississippi,22-Oct,3.8,,,,,,,,,,,,,,,,,,,,,,,,,,,,,,,,,
Mississippi,22-Sep,3.6,,,,,,,,,,,,,,,,,,,,,,,,,,,,,,,,,
Mississippi,22-Aug,3.6,,,,,,,,,,,,,,,,,,,,,,,,,,,,,,,,,
Mississippi,22-Jul,3.6,,,,,,,,,,,,,,,,,,,,,,,,,,,,,,,,,
Mississippi,22-Jun,3.8,,,,,,,,,,,,,,,,,,,,,,,,,,,,,,,,,
Mississippi,22-May,3.9,,,,,,,,,,,,,,,,,,,,,,,,,,,,,,,,,
Mississippi,22-Apr,4.1,,,,,,,,,,,,,,,,,,,,,,,,,,,,,,,,,
Mississippi,22-Mar,4.2,,,,,,,,,,,,,,,,,,,,,,,,,,,,,,,,,
Mississippi,22-Feb,4.5,,,,,,,,,,,,,,,,,,,,,,,,,,,,,,,,,
Mississippi,22-Jan,4.6,,,,,,,,,,,,,,,,,,,,,,,,,,,,,,,,,
Mississippi,21-Dec,4.7,,,,,,,,,,,,,,,,,,,,,,,,,,,,,,,,,
Mississippi,21-Nov,4.7,,,,,,,,,,,,,,,,,,,,,,,,,,,,,,,,,
Mississippi,21-Oct,4.7,,,,,,,,,,,,,,,,,,,,,,,,,,,,,,,,,
Mississippi,21-Sep,5,,,,,,,,,,,,,,,,,,,,,,,,,,,,,,,,,
Mississippi,21-Aug,5.3,,,,,,,,,,,,,,,,,,,,,,,,,,,,,,,,,
Mississippi,21-Jul,5.6,,,,,,,,,,,,,,,,,,,,,,,,,,,,,,,,,
Mississippi,21-Jun,5.8,,,,,,,,,,,,,,,,,,,,,,,,,,,,,,,,,
Mississippi,21-May,6,,,,,,,,,,,,,,,,,,,,,,,,,,,,,,,,,
Mississippi,21-Apr,6.2,,,,,,,,,,,,,,,,,,,,,,,,,,,,,,,,,
Mississippi,21-Mar,6.4,,,,,,,,,,,,,,,,,,,,,,,,,,,,,,,,,
Mississippi,21-Feb,6.5,,,,,,,,,,,,,,,,,,,,,,,,,,,,,,,,,
Mississippi,21-Jan,6.6,,,,,,,,,,,,,,,,,,,,,,,,,,,,,,,,,
Mississippi,20-Dec,6.7,,,,,,,,,,,,,,,,,,,,,,,,,,,,,,,,,
Mississippi,20-Nov,6.8,,,,,,,,,,,,,,,,,,,,,,,,,,,,,,,,,
Mississippi,20-Oct,6.8,,,,,,,,,,,,,,,,,,,,,,,,,,,,,,,,,
Mississippi,20-Sep,7.1,,,,,,,,,,,,,,,,,,,,,,,,,,,,,,,,,
Mississippi,20-Aug,7.4,,,,,,,,,,,,,,,,,,,,,,,,,,,,,,,,,
Mississippi,20-Jul,8.2,,,,,,,,,,,,,,,,,,,,,,,,,,,,,,,,,
Mississippi,20-Jun,9.2,,,,,,,,,,,,,,,,,,,,,,,,,,,,,,,,,
Mississippi,20-May,11,,,,,,,,,,,,,,,,,,,,,,,,,,,,,,,,,
Mississippi,20-Apr,15.4,,,,,,,,,,,,,,,,,,,,,,,,,,,,,,,,,
Mississippi,20-Mar,5.8,,,,,,,,,,,,,,,,,,,,,,,,,,,,,,,,,
Mississippi,20-Feb,5.7,,,,,,,,,,,,,,,,,,,,,,,,,,,,,,,,,
Mississippi,20-Jan,5.5,,,,,,,,,,,,,,,,,,,,,,,,,,,,,,,,,
Missouri,22-Oct,2.6,,,,,,,,,,,,,,,,,,,,,,,,,,,,,,,,,
Missouri,22-Sep,2.4,,,,,,,,,,,,,,,,,,,,,,,,,,,,,,,,,
Missouri,22-Aug,2.5,,,,,,,,,,,,,,,,,,,,,,,,,,,,,,,,,
Missouri,22-Jul,2.5,,,,,,,,,,,,,,,,,,,,,,,,,,,,,,,,,
Missouri,22-Jun,2.8,,,,,,,,,,,,,,,,,,,,,,,,,,,,,,,,,
Missouri,22-May,3.1,,,,,,,,,,,,,,,,,,,,,,,,,,,,,,,,,
Missouri,22-Apr,3.4,,,,,,,,,,,,,,,,,,,,,,,,,,,,,,,,,
Missouri,22-Mar,3.6,,,,,,,,,,,,,,,,,,,,,,,,,,,,,,,,,
Missouri,22-Feb,3.7,,,,,,,,,,,,,,,,,,,,,,,,,,,,,,,,,
Missouri,22-Jan,3.8,,,,,,,,,,,,,,,,,,,,,,,,,,,,,,,,,
Missouri,21-Dec,3.9,,,,,,,,,,,,,,,,,,,,,,,,,,,,,,,,,
Missouri,21-Nov,3.9,,,,,,,,,,,,,,,,,,,,,,,,,,,,,,,,,
Missouri,21-Oct,4,,,,,,,,,,,,,,,,,,,,,,,,,,,,,,,,,
Missouri,21-Sep,4,,,,,,,,,,,,,,,,,,,,,,,,,,,,,,,,,
Missouri,21-Aug,4.1,,,,,,,,,,,,,,,,,,,,,,,,,,,,,,,,,
Missouri,21-Jul,4.3,,,,,,,,,,,,,,,,,,,,,,,,,,,,,,,,,
Missouri,21-Jun,4.4,,,,,,,,,,,,,,,,,,,,,,,,,,,,,,,,,
Missouri,21-May,4.5,,,,,,,,,,,,,,,,,,,,,,,,,,,,,,,,,
Missouri,21-Apr,4.7,,,,,,,,,,,,,,,,,,,,,,,,,,,,,,,,,
Missouri,21-Mar,4.8,,,,,,,,,,,,,,,,,,,,,,,,,,,,,,,,,
Missouri,21-Feb,4.9,,,,,,,,,,,,,,,,,,,,,,,,,,,,,,,,,
Missouri,21-Jan,5,,,,,,,,,,,,,,,,,,,,,,,,,,,,,,,,,
Missouri,20-Dec,5.1,,,,,,,,,,,,,,,,,,,,,,,,,,,,,,,,,
Missouri,20-Nov,5.3,,,,,,,,,,,,,,,,,,,,,,,,,,,,,,,,,
Missouri,20-Oct,5.5,,,,,,,,,,,,,,,,,,,,,,,,,,,,,,,,,
Missouri,20-Sep,6,,,,,,,,,,,,,,,,,,,,,,,,,,,,,,,,,
Missouri,20-Aug,6.4,,,,,,,,,,,,,,,,,,,,,,,,,,,,,,,,,
Missouri,20-Jul,7,,,,,,,,,,,,,,,,,,,,,,,,,,,,,,,,,
Missouri,20-Jun,7.7,,,,,,,,,,,,,,,,,,,,,,,,,,,,,,,,,
Missouri,20-May,9.2,,,,,,,,,,,,,,,,,,,,,,,,,,,,,,,,,
Missouri,20-Apr,11.2,,,,,,,,,,,,,,,,,,,,,,,,,,,,,,,,,
Missouri,20-Mar,3.5,,,,,,,,,,,,,,,,,,,,,,,,,,,,,,,,,
Missouri,20-Feb,3.3,,,,,,,,,,,,,,,,,,,,,,,,,,,,,,,,,
Missouri,20-Jan,3.3,,,,,,,,,,,,,,,,,,,,,,,,,,,,,,,,,
Montana,22-Oct,3,,,,,,,,,,,,,,,,,,,,,,,,,,,,,,,,,
Montana,22-Sep,2.9,,,,,,,,,,,,,,,,,,,,,,,,,,,,,,,,,
Montana,22-Aug,2.8,,,,,,,,,,,,,,,,,,,,,,,,,,,,,,,,,
Montana,22-Jul,2.7,,,,,,,,,,,,,,,,,,,,,,,,,,,,,,,,,
Montana,22-Jun,2.6,,,,,,,,,,,,,,,,,,,,,,,,,,,,,,,,,
Montana,22-May,2.4,,,,,,,,,,,,,,,,,,,,,,,,,,,,,,,,,
Montana,22-Apr,2.3,,,,,,,,,,,,,,,,,,,,,,,,,,,,,,,,,
Montana,22-Mar,2.3,,,,,,,,,,,,,,,,,,,,,,,,,,,,,,,,,
Montana,22-Feb,2.6,,,,,,,,,,,,,,,,,,,,,,,,,,,,,,,,,
Montana,22-Jan,2.7,,,,,,,,,,,,,,,,,,,,,,,,,,,,,,,,,
Montana,21-Dec,2.9,,,,,,,,,,,,,,,,,,,,,,,,,,,,,,,,,
Montana,21-Nov,2.9,,,,,,,,,,,,,,,,,,,,,,,,,,,,,,,,,
Montana,21-Oct,3,,,,,,,,,,,,,,,,,,,,,,,,,,,,,,,,,
Montana,21-Sep,3.2,,,,,,,,,,,,,,,,,,,,,,,,,,,,,,,,,
Montana,21-Aug,3.4,,,,,,,,,,,,,,,,,,,,,,,,,,,,,,,,,
Montana,21-Jul,3.5,,,,,,,,,,,,,,,,,,,,,,,,,,,,,,,,,
Montana,21-Jun,3.6,,,,,,,,,,,,,,,,,,,,,,,,,,,,,,,,,
Montana,21-May,3.6,,,,,,,,,,,,,,,,,,,,,,,,,,,,,,,,,
Montana,21-Apr,3.6,,,,,,,,,,,,,,,,,,,,,,,,,,,,,,,,,
Montana,21-Mar,3.6,,,,,,,,,,,,,,,,,,,,,,,,,,,,,,,,,
Montana,21-Feb,3.7,,,,,,,,,,,,,,,,,,,,,,,,,,,,,,,,,
Montana,21-Jan,3.8,,,,,,,,,,,,,,,,,,,,,,,,,,,,,,,,,
Montana,20-Dec,4,,,,,,,,,,,,,,,,,,,,,,,,,,,,,,,,,
Montana,20-Nov,4.2,,,,,,,,,,,,,,,,,,,,,,,,,,,,,,,,,
Montana,20-Oct,4.5,,,,,,,,,,,,,,,,,,,,,,,,,,,,,,,,,
Montana,20-Sep,5,,,,,,,,,,,,,,,,,,,,,,,,,,,,,,,,,
Montana,20-Aug,5.4,,,,,,,,,,,,,,,,,,,,,,,,,,,,,,,,,
Montana,20-Jul,6.5,,,,,,,,,,,,,,,,,,,,,,,,,,,,,,,,,
Montana,20-Jun,7.4,,,,,,,,,,,,,,,,,,,,,,,,,,,,,,,,,
Montana,20-May,9.1,,,,,,,,,,,,,,,,,,,,,,,,,,,,,,,,,
Montana,20-Apr,12.2,,,,,,,,,,,,,,,,,,,,,,,,,,,,,,,,,
Montana,20-Mar,3.6,,,,,,,,,,,,,,,,,,,,,,,,,,,,,,,,,
Montana,20-Feb,3.7,,,,,,,,,,,,,,,,,,,,,,,,,,,,,,,,,
Montana,20-Jan,3.7,,,,,,,,,,,,,,,,,,,,,,,,,,,,,,,,,
Nebraska,22-Oct,2.4,,,,,,,,,,,,,,,,,,,,,,,,,,,,,,,,,
Nebraska,22-Sep,2.2,,,,,,,,,,,,,,,,,,,,,,,,,,,,,,,,,
Nebraska,22-Aug,2.1,,,,,,,,,,,,,,,,,,,,,,,,,,,,,,,,,
Nebraska,22-Jul,2,,,,,,,,,,,,,,,,,,,,,,,,,,,,,,,,,
Nebraska,22-Jun,1.9,,,,,,,,,,,,,,,,,,,,,,,,,,,,,,,,,
Nebraska,22-May,1.9,,,,,,,,,,,,,,,,,,,,,,,,,,,,,,,,,
Nebraska,22-Apr,1.9,,,,,,,,,,,,,,,,,,,,,,,,,,,,,,,,,
Nebraska,22-Mar,2,,,,,,,,,,,,,,,,,,,,,,,,,,,,,,,,,
Nebraska,22-Feb,2.1,,,,,,,,,,,,,,,,,,,,,,,,,,,,,,,,,
Nebraska,22-Jan,2.2,,,,,,,,,,,,,,,,,,,,,,,,,,,,,,,,,
Nebraska,21-Dec,2.3,,,,,,,,,,,,,,,,,,,,,,,,,,,,,,,,,
Nebraska,21-Nov,2.4,,,,,,,,,,,,,,,,,,,,,,,,,,,,,,,,,
Nebraska,21-Oct,2.4,,,,,,,,,,,,,,,,,,,,,,,,,,,,,,,,,
Nebraska,21-Sep,2.5,,,,,,,,,,,,,,,,,,,,,,,,,,,,,,,,,
Nebraska,21-Aug,2.5,,,,,,,,,,,,,,,,,,,,,,,,,,,,,,,,,
Nebraska,21-Jul,2.5,,,,,,,,,,,,,,,,,,,,,,,,,,,,,,,,,
Nebraska,21-Jun,2.5,,,,,,,,,,,,,,,,,,,,,,,,,,,,,,,,,
Nebraska,21-May,2.5,,,,,,,,,,,,,,,,,,,,,,,,,,,,,,,,,
Nebraska,21-Apr,2.6,,,,,,,,,,,,,,,,,,,,,,,,,,,,,,,,,
Nebraska,21-Mar,2.6,,,,,,,,,,,,,,,,,,,,,,,,,,,,,,,,,
Nebraska,21-Feb,2.7,,,,,,,,,,,,,,,,,,,,,,,,,,,,,,,,,
Nebraska,21-Jan,2.7,,,,,,,,,,,,,,,,,,,,,,,,,,,,,,,,,
Nebraska,20-Dec,2.8,,,,,,,,,,,,,,,,,,,,,,,,,,,,,,,,,
Nebraska,20-Nov,2.8,,,,,,,,,,,,,,,,,,,,,,,,,,,,,,,,,
Nebraska,20-Oct,2.9,,,,,,,,,,,,,,,,,,,,,,,,,,,,,,,,,
Nebraska,20-Sep,3.3,,,,,,,,,,,,,,,,,,,,,,,,,,,,,,,,,
Nebraska,20-Aug,3.7,,,,,,,,,,,,,,,,,,,,,,,,,,,,,,,,,
Nebraska,20-Jul,4.4,,,,,,,,,,,,,,,,,,,,,,,,,,,,,,,,,
Nebraska,20-Jun,5.1,,,,,,,,,,,,,,,,,,,,,,,,,,,,,,,,,
Nebraska,20-May,6.3,,,,,,,,,,,,,,,,,,,,,,,,,,,,,,,,,
Nebraska,20-Apr,8.2,,,,,,,,,,,,,,,,,,,,,,,,,,,,,,,,,
Nebraska,20-Mar,4.3,,,,,,,,,,,,,,,,,,,,,,,,,,,,,,,,,
Nebraska,20-Feb,3,,,,,,,,,,,,,,,,,,,,,,,,,,,,,,,,,
Nebraska,20-Jan,3,,,,,,,,,,,,,,,,,,,,,,,,,,,,,,,,,
Nevada,22-Oct,4.6,,,,,,,,,,,,,,,,,,,,,,,,,,,,,,,,,
Nevada,22-Sep,4.4,,,,,,,,,,,,,,,,,,,,,,,,,,,,,,,,,
Nevada,22-Aug,4.4,,,,,,,,,,,,,,,,,,,,,,,,,,,,,,,,,
Nevada,22-Jul,4.4,,,,,,,,,,,,,,,,,,,,,,,,,,,,,,,,,
Nevada,22-Jun,4.7,,,,,,,,,,,,,,,,,,,,,,,,,,,,,,,,,
Nevada,22-May,4.9,,,,,,,,,,,,,,,,,,,,,,,,,,,,,,,,,
Nevada,22-Apr,5,,,,,,,,,,,,,,,,,,,,,,,,,,,,,,,,,
Nevada,22-Mar,5,,,,,,,,,,,,,,,,,,,,,,,,,,,,,,,,,
Nevada,22-Feb,5.1,,,,,,,,,,,,,,,,,,,,,,,,,,,,,,,,,
Nevada,22-Jan,5.2,,,,,,,,,,,,,,,,,,,,,,,,,,,,,,,,,
Nevada,21-Dec,5.3,,,,,,,,,,,,,,,,,,,,,,,,,,,,,,,,,
Nevada,21-Nov,5.3,,,,,,,,,,,,,,,,,,,,,,,,,,,,,,,,,
Nevada,21-Oct,5.4,,,,,,,,,,,,,,,,,,,,,,,,,,,,,,,,,
Nevada,21-Sep,5.6,,,,,,,,,,,,,,,,,,,,,,,,,,,,,,,,,
Nevada,21-Aug,6,,,,,,,,,,,,,,,,,,,,,,,,,,,,,,,,,
Nevada,21-Jul,6.6,,,,,,,,,,,,,,,,,,,,,,,,,,,,,,,,,
Nevada,21-Jun,7.2,,,,,,,,,,,,,,,,,,,,,,,,,,,,,,,,,
Nevada,21-May,7.8,,,,,,,,,,,,,,,,,,,,,,,,,,,,,,,,,
Nevada,21-Apr,8.6,,,,,,,,,,,,,,,,,,,,,,,,,,,,,,,,,
Nevada,21-Mar,9.2,,,,,,,,,,,,,,,,,,,,,,,,,,,,,,,,,
Nevada,21-Feb,9.8,,,,,,,,,,,,,,,,,,,,,,,,,,,,,,,,,
Nevada,21-Jan,10.2,,,,,,,,,,,,,,,,,,,,,,,,,,,,,,,,,
Nevada,20-Dec,10.8,,,,,,,,,,,,,,,,,,,,,,,,,,,,,,,,,
Nevada,20-Nov,11.2,,,,,,,,,,,,,,,,,,,,,,,,,,,,,,,,,
Nevada,20-Oct,12.1,,,,,,,,,,,,,,,,,,,,,,,,,,,,,,,,,
Nevada,20-Sep,13.6,,,,,,,,,,,,,,,,,,,,,,,,,,,,,,,,,
Nevada,20-Aug,14.7,,,,,,,,,,,,,,,,,,,,,,,,,,,,,,,,,
Nevada,20-Jul,16.8,,,,,,,,,,,,,,,,,,,,,,,,,,,,,,,,,
Nevada,20-Jun,18.5,,,,,,,,,,,,,,,,,,,,,,,,,,,,,,,,,
Nevada,20-May,23.4,,,,,,,,,,,,,,,,,,,,,,,,,,,,,,,,,
Nevada,20-Apr,28.5,,,,,,,,,,,,,,,,,,,,,,,,,,,,,,,,,
Nevada,20-Mar,8,,,,,,,,,,,,,,,,,,,,,,,,,,,,,,,,,
Nevada,20-Feb,4,,,,,,,,,,,,,,,,,,,,,,,,,,,,,,,,,
Nevada,20-Jan,3.8,,,,,,,,,,,,,,,,,,,,,,,,,,,,,,,,,
New Hampshire,22-Oct,2.4,,,,,,,,,,,,,,,,,,,,,,,,,,,,,,,,,
New Hampshire,22-Sep,2.2,,,,,,,,,,,,,,,,,,,,,,,,,,,,,,,,,
New Hampshire,22-Aug,2,,,,,,,,,,,,,,,,,,,,,,,,,,,,,,,,,
New Hampshire,22-Jul,2,,,,,,,,,,,,,,,,,,,,,,,,,,,,,,,,,
New Hampshire,22-Jun,2,,,,,,,,,,,,,,,,,,,,,,,,,,,,,,,,,
New Hampshire,22-May,2.1,,,,,,,,,,,,,,,,,,,,,,,,,,,,,,,,,
New Hampshire,22-Apr,2.3,,,,,,,,,,,,,,,,,,,,,,,,,,,,,,,,,
New Hampshire,22-Mar,2.4,,,,,,,,,,,,,,,,,,,,,,,,,,,,,,,,,
New Hampshire,22-Feb,2.7,,,,,,,,,,,,,,,,,,,,,,,,,,,,,,,,,
New Hampshire,22-Jan,2.9,,,,,,,,,,,,,,,,,,,,,,,,,,,,,,,,,
New Hampshire,21-Dec,3,,,,,,,,,,,,,,,,,,,,,,,,,,,,,,,,,
New Hampshire,21-Nov,3,,,,,,,,,,,,,,,,,,,,,,,,,,,,,,,,,
New Hampshire,21-Oct,3.1,,,,,,,,,,,,,,,,,,,,,,,,,,,,,,,,,
New Hampshire,21-Sep,3.2,,,,,,,,,,,,,,,,,,,,,,,,,,,,,,,,,
New Hampshire,21-Aug,3.4,,,,,,,,,,,,,,,,,,,,,,,,,,,,,,,,,
New Hampshire,21-Jul,3.5,,,,,,,,,,,,,,,,,,,,,,,,,,,,,,,,,
New Hampshire,21-Jun,3.6,,,,,,,,,,,,,,,,,,,,,,,,,,,,,,,,,
New Hampshire,21-May,3.7,,,,,,,,,,,,,,,,,,,,,,,,,,,,,,,,,
New Hampshire,21-Apr,3.8,,,,,,,,,,,,,,,,,,,,,,,,,,,,,,,,,
New Hampshire,21-Mar,3.9,,,,,,,,,,,,,,,,,,,,,,,,,,,,,,,,,
New Hampshire,21-Feb,4,,,,,,,,,,,,,,,,,,,,,,,,,,,,,,,,,
New Hampshire,21-Jan,4.2,,,,,,,,,,,,,,,,,,,,,,,,,,,,,,,,,
New Hampshire,20-Dec,4.5,,,,,,,,,,,,,,,,,,,,,,,,,,,,,,,,,
New Hampshire,20-Nov,4.8,,,,,,,,,,,,,,,,,,,,,,,,,,,,,,,,,
New Hampshire,20-Oct,5.2,,,,,,,,,,,,,,,,,,,,,,,,,,,,,,,,,
New Hampshire,20-Sep,6.1,,,,,,,,,,,,,,,,,,,,,,,,,,,,,,,,,
New Hampshire,20-Aug,6.8,,,,,,,,,,,,,,,,,,,,,,,,,,,,,,,,,
New Hampshire,20-Jul,8.3,,,,,,,,,,,,,,,,,,,,,,,,,,,,,,,,,
New Hampshire,20-Jun,9.7,,,,,,,,,,,,,,,,,,,,,,,,,,,,,,,,,
New Hampshire,20-May,11.8,,,,,,,,,,,,,,,,,,,,,,,,,,,,,,,,,
New Hampshire,20-Apr,16.2,,,,,,,,,,,,,,,,,,,,,,,,,,,,,,,,,
New Hampshire,20-Mar,2.6,,,,,,,,,,,,,,,,,,,,,,,,,,,,,,,,,
New Hampshire,20-Feb,2.7,,,,,,,,,,,,,,,,,,,,,,,,,,,,,,,,,
New Hampshire,20-Jan,2.7,,,,,,,,,,,,,,,,,,,,,,,,,,,,,,,,,
New Jersey,22-Oct,3.5,,,,,,,,,,,,,,,,,,,,,,,,,,,,,,,,,
New Jersey,22-Sep,3.3,,,,,,,,,,,,,,,,,,,,,,,,,,,,,,,,,
New Jersey,22-Aug,4,,,,,,,,,,,,,,,,,,,,,,,,,,,,,,,,,
New Jersey,22-Jul,3.7,,,,,,,,,,,,,,,,,,,,,,,,,,,,,,,,,
New Jersey,22-Jun,3.9,,,,,,,,,,,,,,,,,,,,,,,,,,,,,,,,,
New Jersey,22-May,3.9,,,,,,,,,,,,,,,,,,,,,,,,,,,,,,,,,
New Jersey,22-Apr,4.1,,,,,,,,,,,,,,,,,,,,,,,,,,,,,,,,,
New Jersey,22-Mar,4.2,,,,,,,,,,,,,,,,,,,,,,,,,,,,,,,,,
New Jersey,22-Feb,4.6,,,,,,,,,,,,,,,,,,,,,,,,,,,,,,,,,
New Jersey,22-Jan,5.1,,,,,,,,,,,,,,,,,,,,,,,,,,,,,,,,,
New Jersey,21-Dec,5.1,,,,,,,,,,,,,,,,,,,,,,,,,,,,,,,,,
New Jersey,21-Nov,5.1,,,,,,,,,,,,,,,,,,,,,,,,,,,,,,,,,
New Jersey,21-Oct,5.5,,,,,,,,,,,,,,,,,,,,,,,,,,,,,,,,,
New Jersey,21-Sep,5.8,,,,,,,,,,,,,,,,,,,,,,,,,,,,,,,,,
New Jersey,21-Aug,6.5,,,,,,,,,,,,,,,,,,,,,,,,,,,,,,,,,
New Jersey,21-Jul,6.6,,,,,,,,,,,,,,,,,,,,,,,,,,,,,,,,,
New Jersey,21-Jun,7.1,,,,,,,,,,,,,,,,,,,,,,,,,,,,,,,,,
New Jersey,21-May,6.6,,,,,,,,,,,,,,,,,,,,,,,,,,,,,,,,,
New Jersey,21-Apr,7,,,,,,,,,,,,,,,,,,,,,,,,,,,,,,,,,
New Jersey,21-Mar,6.9,,,,,,,,,,,,,,,,,,,,,,,,,,,,,,,,,
New Jersey,21-Feb,7.2,,,,,,,,,,,,,,,,,,,,,,,,,,,,,,,,,
New Jersey,21-Jan,7.3,,,,,,,,,,,,,,,,,,,,,,,,,,,,,,,,,
New Jersey,20-Dec,7.4,,,,,,,,,,,,,,,,,,,,,,,,,,,,,,,,,
New Jersey,20-Nov,7.5,,,,,,,,,,,,,,,,,,,,,,,,,,,,,,,,,
New Jersey,20-Oct,7.5,,,,,,,,,,,,,,,,,,,,,,,,,,,,,,,,,
New Jersey,20-Sep,8.3,,,,,,,,,,,,,,,,,,,,,,,,,,,,,,,,,
New Jersey,20-Aug,12.8,,,,,,,,,,,,,,,,,,,,,,,,,,,,,,,,,
New Jersey,20-Jul,14.3,,,,,,,,,,,,,,,,,,,,,,,,,,,,,,,,,
New Jersey,20-Jun,14.5,,,,,,,,,,,,,,,,,,,,,,,,,,,,,,,,,
New Jersey,20-May,15.8,,,,,,,,,,,,,,,,,,,,,,,,,,,,,,,,,
New Jersey,20-Apr,15.5,,,,,,,,,,,,,,,,,,,,,,,,,,,,,,,,,
New Jersey,20-Mar,3.3,,,,,,,,,,,,,,,,,,,,,,,,,,,,,,,,,
New Jersey,20-Feb,3.5,,,,,,,,,,,,,,,,,,,,,,,,,,,,,,,,,
New Jersey,20-Jan,3.5,,,,,,,,,,,,,,,,,,,,,,,,,,,,,,,,,
New Mexico,22-Oct,4.3,,,,,,,,,,,,,,,,,,,,,,,,,,,,,,,,,
New Mexico,22-Sep,4.2,,,,,,,,,,,,,,,,,,,,,,,,,,,,,,,,,
New Mexico,22-Aug,4.4,,,,,,,,,,,,,,,,,,,,,,,,,,,,,,,,,
New Mexico,22-Jul,4.5,,,,,,,,,,,,,,,,,,,,,,,,,,,,,,,,,
New Mexico,22-Jun,4.9,,,,,,,,,,,,,,,,,,,,,,,,,,,,,,,,,
New Mexico,22-May,5.1,,,,,,,,,,,,,,,,,,,,,,,,,,,,,,,,,
New Mexico,22-Apr,5.3,,,,,,,,,,,,,,,,,,,,,,,,,,,,,,,,,
New Mexico,22-Mar,5.3,,,,,,,,,,,,,,,,,,,,,,,,,,,,,,,,,
New Mexico,22-Feb,5.6,,,,,,,,,,,,,,,,,,,,,,,,,,,,,,,,,
New Mexico,22-Jan,5.9,,,,,,,,,,,,,,,,,,,,,,,,,,,,,,,,,
New Mexico,21-Dec,5.9,,,,,,,,,,,,,,,,,,,,,,,,,,,,,,,,,
New Mexico,21-Nov,6,,,,,,,,,,,,,,,,,,,,,,,,,,,,,,,,,
New Mexico,21-Oct,6.1,,,,,,,,,,,,,,,,,,,,,,,,,,,,,,,,,
New Mexico,21-Sep,6.2,,,,,,,,,,,,,,,,,,,,,,,,,,,,,,,,,
New Mexico,21-Aug,6.8,,,,,,,,,,,,,,,,,,,,,,,,,,,,,,,,,
New Mexico,21-Jul,7,,,,,,,,,,,,,,,,,,,,,,,,,,,,,,,,,
New Mexico,21-Jun,7.3,,,,,,,,,,,,,,,,,,,,,,,,,,,,,,,,,
New Mexico,21-May,7.2,,,,,,,,,,,,,,,,,,,,,,,,,,,,,,,,,
New Mexico,21-Apr,7.3,,,,,,,,,,,,,,,,,,,,,,,,,,,,,,,,,
New Mexico,21-Mar,7.2,,,,,,,,,,,,,,,,,,,,,,,,,,,,,,,,,
New Mexico,21-Feb,7.3,,,,,,,,,,,,,,,,,,,,,,,,,,,,,,,,,
New Mexico,21-Jan,7.4,,,,,,,,,,,,,,,,,,,,,,,,,,,,,,,,,
New Mexico,20-Dec,7.9,,,,,,,,,,,,,,,,,,,,,,,,,,,,,,,,,
New Mexico,20-Nov,8,,,,,,,,,,,,,,,,,,,,,,,,,,,,,,,,,
New Mexico,20-Oct,8.4,,,,,,,,,,,,,,,,,,,,,,,,,,,,,,,,,
New Mexico,20-Sep,8.8,,,,,,,,,,,,,,,,,,,,,,,,,,,,,,,,,
New Mexico,20-Aug,9.3,,,,,,,,,,,,,,,,,,,,,,,,,,,,,,,,,
New Mexico,20-Jul,9.6,,,,,,,,,,,,,,,,,,,,,,,,,,,,,,,,,
New Mexico,20-Jun,9.5,,,,,,,,,,,,,,,,,,,,,,,,,,,,,,,,,
New Mexico,20-May,9.8,,,,,,,,,,,,,,,,,,,,,,,,,,,,,,,,,
New Mexico,20-Apr,9.5,,,,,,,,,,,,,,,,,,,,,,,,,,,,,,,,,
New Mexico,20-Mar,6.1,,,,,,,,,,,,,,,,,,,,,,,,,,,,,,,,,
New Mexico,20-Feb,5.4,,,,,,,,,,,,,,,,,,,,,,,,,,,,,,,,,
New Mexico,20-Jan,5.2,,,,,,,,,,,,,,,,,,,,,,,,,,,,,,,,,
New York,22-Oct,4.4,,,,,,,,,,,,,,,,,,,,,,,,,,,,,,,,,
New York,22-Sep,4.3,,,,,,,,,,,,,,,,,,,,,,,,,,,,,,,,,
New York,22-Aug,4.7,,,,,,,,,,,,,,,,,,,,,,,,,,,,,,,,,
New York,22-Jul,4.3,,,,,,,,,,,,,,,,,,,,,,,,,,,,,,,,,
New York,22-Jun,4.4,,,,,,,,,,,,,,,,,,,,,,,,,,,,,,,,,
New York,22-May,4.4,,,,,,,,,,,,,,,,,,,,,,,,,,,,,,,,,
New York,22-Apr,4.5,,,,,,,,,,,,,,,,,,,,,,,,,,,,,,,,,
New York,22-Mar,4.6,,,,,,,,,,,,,,,,,,,,,,,,,,,,,,,,,
New York,22-Feb,4.9,,,,,,,,,,,,,,,,,,,,,,,,,,,,,,,,,
New York,22-Jan,5.3,,,,,,,,,,,,,,,,,,,,,,,,,,,,,,,,,
New York,21-Dec,5.4,,,,,,,,,,,,,,,,,,,,,,,,,,,,,,,,,
New York,21-Nov,5.4,,,,,,,,,,,,,,,,,,,,,,,,,,,,,,,,,
New York,21-Oct,5.7,,,,,,,,,,,,,,,,,,,,,,,,,,,,,,,,,
New York,21-Sep,6,,,,,,,,,,,,,,,,,,,,,,,,,,,,,,,,,
New York,21-Aug,6.6,,,,,,,,,,,,,,,,,,,,,,,,,,,,,,,,,
New York,21-Jul,6.9,,,,,,,,,,,,,,,,,,,,,,,,,,,,,,,,,
New York,21-Jun,7.4,,,,,,,,,,,,,,,,,,,,,,,,,,,,,,,,,
New York,21-May,7.4,,,,,,,,,,,,,,,,,,,,,,,,,,,,,,,,,
New York,21-Apr,7.8,,,,,,,,,,,,,,,,,,,,,,,,,,,,,,,,,
New York,21-Mar,7.9,,,,,,,,,,,,,,,,,,,,,,,,,,,,,,,,,
New York,21-Feb,8.4,,,,,,,,,,,,,,,,,,,,,,,,,,,,,,,,,
New York,21-Jan,8.6,,,,,,,,,,,,,,,,,,,,,,,,,,,,,,,,,
New York,20-Dec,8.8,,,,,,,,,,,,,,,,,,,,,,,,,,,,,,,,,
New York,20-Nov,9.1,,,,,,,,,,,,,,,,,,,,,,,,,,,,,,,,,
New York,20-Oct,9.3,,,,,,,,,,,,,,,,,,,,,,,,,,,,,,,,,
New York,20-Sep,10.3,,,,,,,,,,,,,,,,,,,,,,,,,,,,,,,,,
New York,20-Aug,11,,,,,,,,,,,,,,,,,,,,,,,,,,,,,,,,,
New York,20-Jul,12.7,,,,,,,,,,,,,,,,,,,,,,,,,,,,,,,,,
New York,20-Jun,13.7,,,,,,,,,,,,,,,,,,,,,,,,,,,,,,,,,
New York,20-May,16.5,,,,,,,,,,,,,,,,,,,,,,,,,,,,,,,,,
New York,20-Apr,16.2,,,,,,,,,,,,,,,,,,,,,,,,,,,,,,,,,
New York,20-Mar,3.9,,,,,,,,,,,,,,,,,,,,,,,,,,,,,,,,,
New York,20-Feb,3.9,,,,,,,,,,,,,,,,,,,,,,,,,,,,,,,,,
New York,20-Jan,3.9,,,,,,,,,,,,,,,,,,,,,,,,,,,,,,,,,
North Carolina,22-Oct,3.8,,,,,,,,,,,,,,,,,,,,,,,,,,,,,,,,,
North Carolina,22-Sep,3.6,,,,,,,,,,,,,,,,,,,,,,,,,,,,,,,,,
North Carolina,22-Aug,3.5,,,,,,,,,,,,,,,,,,,,,,,,,,,,,,,,,
North Carolina,22-Jul,3.4,,,,,,,,,,,,,,,,,,,,,,,,,,,,,,,,,
North Carolina,22-Jun,3.4,,,,,,,,,,,,,,,,,,,,,,,,,,,,,,,,,
North Carolina,22-May,3.4,,,,,,,,,,,,,,,,,,,,,,,,,,,,,,,,,
North Carolina,22-Apr,3.4,,,,,,,,,,,,,,,,,,,,,,,,,,,,,,,,,
North Carolina,22-Mar,3.5,,,,,,,,,,,,,,,,,,,,,,,,,,,,,,,,,
North Carolina,22-Feb,3.7,,,,,,,,,,,,,,,,,,,,,,,,,,,,,,,,,
North Carolina,22-Jan,3.9,,,,,,,,,,,,,,,,,,,,,,,,,,,,,,,,,
North Carolina,21-Dec,4.1,,,,,,,,,,,,,,,,,,,,,,,,,,,,,,,,,
North Carolina,21-Nov,4.2,,,,,,,,,,,,,,,,,,,,,,,,,,,,,,,,,
North Carolina,21-Oct,4.4,,,,,,,,,,,,,,,,,,,,,,,,,,,,,,,,,
North Carolina,21-Sep,4.5,,,,,,,,,,,,,,,,,,,,,,,,,,,,,,,,,
North Carolina,21-Aug,4.8,,,,,,,,,,,,,,,,,,,,,,,,,,,,,,,,,
North Carolina,21-Jul,4.9,,,,,,,,,,,,,,,,,,,,,,,,,,,,,,,,,
North Carolina,21-Jun,5,,,,,,,,,,,,,,,,,,,,,,,,,,,,,,,,,
North Carolina,21-May,5,,,,,,,,,,,,,,,,,,,,,,,,,,,,,,,,,
North Carolina,21-Apr,5.1,,,,,,,,,,,,,,,,,,,,,,,,,,,,,,,,,
North Carolina,21-Mar,5.2,,,,,,,,,,,,,,,,,,,,,,,,,,,,,,,,,
North Carolina,21-Feb,5.4,,,,,,,,,,,,,,,,,,,,,,,,,,,,,,,,,
North Carolina,21-Jan,5.5,,,,,,,,,,,,,,,,,,,,,,,,,,,,,,,,,
North Carolina,20-Dec,5.6,,,,,,,,,,,,,,,,,,,,,,,,,,,,,,,,,
North Carolina,20-Nov,5.6,,,,,,,,,,,,,,,,,,,,,,,,,,,,,,,,,
North Carolina,20-Oct,5.8,,,,,,,,,,,,,,,,,,,,,,,,,,,,,,,,,
North Carolina,20-Sep,6.5,,,,,,,,,,,,,,,,,,,,,,,,,,,,,,,,,
North Carolina,20-Aug,7.2,,,,,,,,,,,,,,,,,,,,,,,,,,,,,,,,,
North Carolina,20-Jul,8.6,,,,,,,,,,,,,,,,,,,,,,,,,,,,,,,,,
North Carolina,20-Jun,9.6,,,,,,,,,,,,,,,,,,,,,,,,,,,,,,,,,
North Carolina,20-May,11.5,,,,,,,,,,,,,,,,,,,,,,,,,,,,,,,,,
North Carolina,20-Apr,14.2,,,,,,,,,,,,,,,,,,,,,,,,,,,,,,,,,
North Carolina,20-Mar,3.9,,,,,,,,,,,,,,,,,,,,,,,,,,,,,,,,,
North Carolina,20-Feb,3.7,,,,,,,,,,,,,,,,,,,,,,,,,,,,,,,,,
North Carolina,20-Jan,3.7,,,,,,,,,,,,,,,,,,,,,,,,,,,,,,,,,
North Dakota,22-Oct,2.3,,,,,,,,,,,,,,,,,,,,,,,,,,,,,,,,,
North Dakota,22-Sep,2.2,,,,,,,,,,,,,,,,,,,,,,,,,,,,,,,,,
North Dakota,22-Aug,2.3,,,,,,,,,,,,,,,,,,,,,,,,,,,,,,,,,
North Dakota,22-Jul,2.3,,,,,,,,,,,,,,,,,,,,,,,,,,,,,,,,,
North Dakota,22-Jun,2.5,,,,,,,,,,,,,,,,,,,,,,,,,,,,,,,,,
North Dakota,22-May,2.6,,,,,,,,,,,,,,,,,,,,,,,,,,,,,,,,,
North Dakota,22-Apr,2.8,,,,,,,,,,,,,,,,,,,,,,,,,,,,,,,,,
North Dakota,22-Mar,2.9,,,,,,,,,,,,,,,,,,,,,,,,,,,,,,,,,
North Dakota,22-Feb,2.9,,,,,,,,,,,,,,,,,,,,,,,,,,,,,,,,,
North Dakota,22-Jan,3.1,,,,,,,,,,,,,,,,,,,,,,,,,,,,,,,,,
North Dakota,21-Dec,3.1,,,,,,,,,,,,,,,,,,,,,,,,,,,,,,,,,
North Dakota,21-Nov,3.1,,,,,,,,,,,,,,,,,,,,,,,,,,,,,,,,,
North Dakota,21-Oct,3.2,,,,,,,,,,,,,,,,,,,,,,,,,,,,,,,,,
North Dakota,21-Sep,3.2,,,,,,,,,,,,,,,,,,,,,,,,,,,,,,,,,
North Dakota,21-Aug,3.3,,,,,,,,,,,,,,,,,,,,,,,,,,,,,,,,,
North Dakota,21-Jul,3.4,,,,,,,,,,,,,,,,,,,,,,,,,,,,,,,,,
North Dakota,21-Jun,3.6,,,,,,,,,,,,,,,,,,,,,,,,,,,,,,,,,
North Dakota,21-May,3.8,,,,,,,,,,,,,,,,,,,,,,,,,,,,,,,,,
North Dakota,21-Apr,4,,,,,,,,,,,,,,,,,,,,,,,,,,,,,,,,,
North Dakota,21-Mar,4.3,,,,,,,,,,,,,,,,,,,,,,,,,,,,,,,,,
North Dakota,21-Feb,4.5,,,,,,,,,,,,,,,,,,,,,,,,,,,,,,,,,
North Dakota,21-Jan,4.7,,,,,,,,,,,,,,,,,,,,,,,,,,,,,,,,,
North Dakota,20-Dec,5,,,,,,,,,,,,,,,,,,,,,,,,,,,,,,,,,
North Dakota,20-Nov,5.1,,,,,,,,,,,,,,,,,,,,,,,,,,,,,,,,,
North Dakota,20-Oct,5.3,,,,,,,,,,,,,,,,,,,,,,,,,,,,,,,,,
North Dakota,20-Sep,5.6,,,,,,,,,,,,,,,,,,,,,,,,,,,,,,,,,
North Dakota,20-Aug,5.8,,,,,,,,,,,,,,,,,,,,,,,,,,,,,,,,,
North Dakota,20-Jul,6.2,,,,,,,,,,,,,,,,,,,,,,,,,,,,,,,,,
North Dakota,20-Jun,6.4,,,,,,,,,,,,,,,,,,,,,,,,,,,,,,,,,
North Dakota,20-May,7,,,,,,,,,,,,,,,,,,,,,,,,,,,,,,,,,
North Dakota,20-Apr,8.3,,,,,,,,,,,,,,,,,,,,,,,,,,,,,,,,,
North Dakota,20-Mar,2.5,,,,,,,,,,,,,,,,,,,,,,,,,,,,,,,,,
North Dakota,20-Feb,2.2,,,,,,,,,,,,,,,,,,,,,,,,,,,,,,,,,
North Dakota,20-Jan,2.1,,,,,,,,,,,,,,,,,,,,,,,,,,,,,,,,,
Ohio,22-Oct,4.2,,,,,,,,,,,,,,,,,,,,,,,,,,,,,,,,,
Ohio,22-Sep,4,,,,,,,,,,,,,,,,,,,,,,,,,,,,,,,,,
Ohio,22-Aug,4,,,,,,,,,,,,,,,,,,,,,,,,,,,,,,,,,
Ohio,22-Jul,3.9,,,,,,,,,,,,,,,,,,,,,,,,,,,,,,,,,
Ohio,22-Jun,3.9,,,,,,,,,,,,,,,,,,,,,,,,,,,,,,,,,
Ohio,22-May,3.9,,,,,,,,,,,,,,,,,,,,,,,,,,,,,,,,,
Ohio,22-Apr,4,,,,,,,,,,,,,,,,,,,,,,,,,,,,,,,,,
Ohio,22-Mar,4.1,,,,,,,,,,,,,,,,,,,,,,,,,,,,,,,,,
Ohio,22-Feb,4.2,,,,,,,,,,,,,,,,,,,,,,,,,,,,,,,,,
Ohio,22-Jan,4.3,,,,,,,,,,,,,,,,,,,,,,,,,,,,,,,,,
Ohio,21-Dec,4.5,,,,,,,,,,,,,,,,,,,,,,,,,,,,,,,,,
Ohio,21-Nov,4.5,,,,,,,,,,,,,,,,,,,,,,,,,,,,,,,,,
Ohio,21-Oct,4.5,,,,,,,,,,,,,,,,,,,,,,,,,,,,,,,,,
Ohio,21-Sep,4.7,,,,,,,,,,,,,,,,,,,,,,,,,,,,,,,,,
Ohio,21-Aug,4.9,,,,,,,,,,,,,,,,,,,,,,,,,,,,,,,,,
Ohio,21-Jul,5.1,,,,,,,,,,,,,,,,,,,,,,,,,,,,,,,,,
Ohio,21-Jun,5.3,,,,,,,,,,,,,,,,,,,,,,,,,,,,,,,,,
Ohio,21-May,5.4,,,,,,,,,,,,,,,,,,,,,,,,,,,,,,,,,
Ohio,21-Apr,5.6,,,,,,,,,,,,,,,,,,,,,,,,,,,,,,,,,
Ohio,21-Mar,5.7,,,,,,,,,,,,,,,,,,,,,,,,,,,,,,,,,
Ohio,21-Feb,5.8,,,,,,,,,,,,,,,,,,,,,,,,,,,,,,,,,
Ohio,21-Jan,6,,,,,,,,,,,,,,,,,,,,,,,,,,,,,,,,,
Ohio,20-Dec,6.2,,,,,,,,,,,,,,,,,,,,,,,,,,,,,,,,,
Ohio,20-Nov,6.5,,,,,,,,,,,,,,,,,,,,,,,,,,,,,,,,,
Ohio,20-Oct,6.8,,,,,,,,,,,,,,,,,,,,,,,,,,,,,,,,,
Ohio,20-Sep,7.6,,,,,,,,,,,,,,,,,,,,,,,,,,,,,,,,,
Ohio,20-Aug,8.4,,,,,,,,,,,,,,,,,,,,,,,,,,,,,,,,,
Ohio,20-Jul,9.9,,,,,,,,,,,,,,,,,,,,,,,,,,,,,,,,,
Ohio,20-Jun,11,,,,,,,,,,,,,,,,,,,,,,,,,,,,,,,,,
Ohio,20-May,12.7,,,,,,,,,,,,,,,,,,,,,,,,,,,,,,,,,
Ohio,20-Apr,16.4,,,,,,,,,,,,,,,,,,,,,,,,,,,,,,,,,
Ohio,20-Mar,4.8,,,,,,,,,,,,,,,,,,,,,,,,,,,,,,,,,
Ohio,20-Feb,4.6,,,,,,,,,,,,,,,,,,,,,,,,,,,,,,,,,
Ohio,20-Jan,4.5,,,,,,,,,,,,,,,,,,,,,,,,,,,,,,,,,
Oklahoma,22-Oct,3.4,,,,,,,,,,,,,,,,,,,,,,,,,,,,,,,,,
Oklahoma,22-Sep,3.2,,,,,,,,,,,,,,,,,,,,,,,,,,,,,,,,,
Oklahoma,22-Aug,3.1,,,,,,,,,,,,,,,,,,,,,,,,,,,,,,,,,
Oklahoma,22-Jul,2.9,,,,,,,,,,,,,,,,,,,,,,,,,,,,,,,,,
Oklahoma,22-Jun,2.9,,,,,,,,,,,,,,,,,,,,,,,,,,,,,,,,,
Oklahoma,22-May,2.8,,,,,,,,,,,,,,,,,,,,,,,,,,,,,,,,,
Oklahoma,22-Apr,2.7,,,,,,,,,,,,,,,,,,,,,,,,,,,,,,,,,
Oklahoma,22-Mar,2.7,,,,,,,,,,,,,,,,,,,,,,,,,,,,,,,,,
Oklahoma,22-Feb,2.6,,,,,,,,,,,,,,,,,,,,,,,,,,,,,,,,,
Oklahoma,22-Jan,2.7,,,,,,,,,,,,,,,,,,,,,,,,,,,,,,,,,
Oklahoma,21-Dec,2.8,,,,,,,,,,,,,,,,,,,,,,,,,,,,,,,,,
Oklahoma,21-Nov,2.8,,,,,,,,,,,,,,,,,,,,,,,,,,,,,,,,,
Oklahoma,21-Oct,2.9,,,,,,,,,,,,,,,,,,,,,,,,,,,,,,,,,
Oklahoma,21-Sep,3.2,,,,,,,,,,,,,,,,,,,,,,,,,,,,,,,,,
Oklahoma,21-Aug,3.5,,,,,,,,,,,,,,,,,,,,,,,,,,,,,,,,,
Oklahoma,21-Jul,3.9,,,,,,,,,,,,,,,,,,,,,,,,,,,,,,,,,
Oklahoma,21-Jun,4.2,,,,,,,,,,,,,,,,,,,,,,,,,,,,,,,,,
Oklahoma,21-May,4.4,,,,,,,,,,,,,,,,,,,,,,,,,,,,,,,,,
Oklahoma,21-Apr,4.5,,,,,,,,,,,,,,,,,,,,,,,,,,,,,,,,,
Oklahoma,21-Mar,4.7,,,,,,,,,,,,,,,,,,,,,,,,,,,,,,,,,
Oklahoma,21-Feb,4.8,,,,,,,,,,,,,,,,,,,,,,,,,,,,,,,,,
Oklahoma,21-Jan,5,,,,,,,,,,,,,,,,,,,,,,,,,,,,,,,,,
Oklahoma,20-Dec,5.2,,,,,,,,,,,,,,,,,,,,,,,,,,,,,,,,,
Oklahoma,20-Nov,5.3,,,,,,,,,,,,,,,,,,,,,,,,,,,,,,,,,
Oklahoma,20-Oct,5.4,,,,,,,,,,,,,,,,,,,,,,,,,,,,,,,,,
Oklahoma,20-Sep,5.8,,,,,,,,,,,,,,,,,,,,,,,,,,,,,,,,,
Oklahoma,20-Aug,6.2,,,,,,,,,,,,,,,,,,,,,,,,,,,,,,,,,
Oklahoma,20-Jul,7.2,,,,,,,,,,,,,,,,,,,,,,,,,,,,,,,,,
Oklahoma,20-Jun,8,,,,,,,,,,,,,,,,,,,,,,,,,,,,,,,,,
Oklahoma,20-May,9.7,,,,,,,,,,,,,,,,,,,,,,,,,,,,,,,,,
Oklahoma,20-Apr,12.6,,,,,,,,,,,,,,,,,,,,,,,,,,,,,,,,,
Oklahoma,20-Mar,3.2,,,,,,,,,,,,,,,,,,,,,,,,,,,,,,,,,
Oklahoma,20-Feb,3.2,,,,,,,,,,,,,,,,,,,,,,,,,,,,,,,,,
Oklahoma,20-Jan,3.1,,,,,,,,,,,,,,,,,,,,,,,,,,,,,,,,,
Oregon,22-Oct,4.1,,,,,,,,,,,,,,,,,,,,,,,,,,,,,,,,,
Oregon,22-Sep,3.8,,,,,,,,,,,,,,,,,,,,,,,,,,,,,,,,,
Oregon,22-Aug,3.7,,,,,,,,,,,,,,,,,,,,,,,,,,,,,,,,,
Oregon,22-Jul,3.5,,,,,,,,,,,,,,,,,,,,,,,,,,,,,,,,,
Oregon,22-Jun,3.5,,,,,,,,,,,,,,,,,,,,,,,,,,,,,,,,,
Oregon,22-May,3.5,,,,,,,,,,,,,,,,,,,,,,,,,,,,,,,,,
Oregon,22-Apr,3.7,,,,,,,,,,,,,,,,,,,,,,,,,,,,,,,,,
Oregon,22-Mar,3.8,,,,,,,,,,,,,,,,,,,,,,,,,,,,,,,,,
Oregon,22-Feb,4,,,,,,,,,,,,,,,,,,,,,,,,,,,,,,,,,
Oregon,22-Jan,4.2,,,,,,,,,,,,,,,,,,,,,,,,,,,,,,,,,
Oregon,21-Dec,4.2,,,,,,,,,,,,,,,,,,,,,,,,,,,,,,,,,
Oregon,21-Nov,4.2,,,,,,,,,,,,,,,,,,,,,,,,,,,,,,,,,
Oregon,21-Oct,4.4,,,,,,,,,,,,,,,,,,,,,,,,,,,,,,,,,
Oregon,21-Sep,4.5,,,,,,,,,,,,,,,,,,,,,,,,,,,,,,,,,
Oregon,21-Aug,4.9,,,,,,,,,,,,,,,,,,,,,,,,,,,,,,,,,
Oregon,21-Jul,5.1,,,,,,,,,,,,,,,,,,,,,,,,,,,,,,,,,
Oregon,21-Jun,5.4,,,,,,,,,,,,,,,,,,,,,,,,,,,,,,,,,
Oregon,21-May,5.6,,,,,,,,,,,,,,,,,,,,,,,,,,,,,,,,,
Oregon,21-Apr,5.9,,,,,,,,,,,,,,,,,,,,,,,,,,,,,,,,,
Oregon,21-Mar,6.1,,,,,,,,,,,,,,,,,,,,,,,,,,,,,,,,,
Oregon,21-Feb,6.2,,,,,,,,,,,,,,,,,,,,,,,,,,,,,,,,,
Oregon,21-Jan,6.4,,,,,,,,,,,,,,,,,,,,,,,,,,,,,,,,,
Oregon,20-Dec,6.6,,,,,,,,,,,,,,,,,,,,,,,,,,,,,,,,,
Oregon,20-Nov,6.6,,,,,,,,,,,,,,,,,,,,,,,,,,,,,,,,,
Oregon,20-Oct,6.8,,,,,,,,,,,,,,,,,,,,,,,,,,,,,,,,,
Oregon,20-Sep,7.5,,,,,,,,,,,,,,,,,,,,,,,,,,,,,,,,,
Oregon,20-Aug,8.1,,,,,,,,,,,,,,,,,,,,,,,,,,,,,,,,,
Oregon,20-Jul,9.5,,,,,,,,,,,,,,,,,,,,,,,,,,,,,,,,,
Oregon,20-Jun,10.5,,,,,,,,,,,,,,,,,,,,,,,,,,,,,,,,,
Oregon,20-May,12.2,,,,,,,,,,,,,,,,,,,,,,,,,,,,,,,,,
Oregon,20-Apr,13.3,,,,,,,,,,,,,,,,,,,,,,,,,,,,,,,,,
Oregon,20-Mar,3.5,,,,,,,,,,,,,,,,,,,,,,,,,,,,,,,,,
Oregon,20-Feb,3.4,,,,,,,,,,,,,,,,,,,,,,,,,,,,,,,,,
Oregon,20-Jan,3.4,,,,,,,,,,,,,,,,,,,,,,,,,,,,,,,,,
Pennsylvania,22-Oct,4,,,,,,,,,,,,,,,,,,,,,,,,,,,,,,,,,
Pennsylvania,22-Sep,4.1,,,,,,,,,,,,,,,,,,,,,,,,,,,,,,,,,
Pennsylvania,22-Aug,4.2,,,,,,,,,,,,,,,,,,,,,,,,,,,,,,,,,
Pennsylvania,22-Jul,4.3,,,,,,,,,,,,,,,,,,,,,,,,,,,,,,,,,
Pennsylvania,22-Jun,4.5,,,,,,,,,,,,,,,,,,,,,,,,,,,,,,,,,
Pennsylvania,22-May,4.6,,,,,,,,,,,,,,,,,,,,,,,,,,,,,,,,,
Pennsylvania,22-Apr,4.8,,,,,,,,,,,,,,,,,,,,,,,,,,,,,,,,,
Pennsylvania,22-Mar,4.9,,,,,,,,,,,,,,,,,,,,,,,,,,,,,,,,,
Pennsylvania,22-Feb,5.1,,,,,,,,,,,,,,,,,,,,,,,,,,,,,,,,,
Pennsylvania,22-Jan,5.4,,,,,,,,,,,,,,,,,,,,,,,,,,,,,,,,,
Pennsylvania,21-Dec,5.5,,,,,,,,,,,,,,,,,,,,,,,,,,,,,,,,,
Pennsylvania,21-Nov,5.5,,,,,,,,,,,,,,,,,,,,,,,,,,,,,,,,,
Pennsylvania,21-Oct,5.6,,,,,,,,,,,,,,,,,,,,,,,,,,,,,,,,,
Pennsylvania,21-Sep,5.8,,,,,,,,,,,,,,,,,,,,,,,,,,,,,,,,,
Pennsylvania,21-Aug,6.1,,,,,,,,,,,,,,,,,,,,,,,,,,,,,,,,,
Pennsylvania,21-Jul,6.4,,,,,,,,,,,,,,,,,,,,,,,,,,,,,,,,,
Pennsylvania,21-Jun,6.6,,,,,,,,,,,,,,,,,,,,,,,,,,,,,,,,,
Pennsylvania,21-May,6.7,,,,,,,,,,,,,,,,,,,,,,,,,,,,,,,,,
Pennsylvania,21-Apr,6.9,,,,,,,,,,,,,,,,,,,,,,,,,,,,,,,,,
Pennsylvania,21-Mar,7.1,,,,,,,,,,,,,,,,,,,,,,,,,,,,,,,,,
Pennsylvania,21-Feb,7.3,,,,,,,,,,,,,,,,,,,,,,,,,,,,,,,,,
Pennsylvania,21-Jan,7.5,,,,,,,,,,,,,,,,,,,,,,,,,,,,,,,,,
Pennsylvania,20-Dec,7.7,,,,,,,,,,,,,,,,,,,,,,,,,,,,,,,,,
Pennsylvania,20-Nov,8,,,,,,,,,,,,,,,,,,,,,,,,,,,,,,,,,
Pennsylvania,20-Oct,8.3,,,,,,,,,,,,,,,,,,,,,,,,,,,,,,,,,
Pennsylvania,20-Sep,8.9,,,,,,,,,,,,,,,,,,,,,,,,,,,,,,,,,
Pennsylvania,20-Aug,9.5,,,,,,,,,,,,,,,,,,,,,,,,,,,,,,,,,
Pennsylvania,20-Jul,10.6,,,,,,,,,,,,,,,,,,,,,,,,,,,,,,,,,
Pennsylvania,20-Jun,11.5,,,,,,,,,,,,,,,,,,,,,,,,,,,,,,,,,
Pennsylvania,20-May,13.1,,,,,,,,,,,,,,,,,,,,,,,,,,,,,,,,,
Pennsylvania,20-Apr,16.5,,,,,,,,,,,,,,,,,,,,,,,,,,,,,,,,,
Pennsylvania,20-Mar,5.2,,,,,,,,,,,,,,,,,,,,,,,,,,,,,,,,,
Pennsylvania,20-Feb,5,,,,,,,,,,,,,,,,,,,,,,,,,,,,,,,,,
Pennsylvania,20-Jan,4.8,,,,,,,,,,,,,,,,,,,,,,,,,,,,,,,,,
Rhode Island,22-Oct,3.4,,,,,,,,,,,,,,,,,,,,,,,,,,,,,,,,,
Rhode Island,22-Sep,3.1,,,,,,,,,,,,,,,,,,,,,,,,,,,,,,,,,
Rhode Island,22-Aug,2.8,,,,,,,,,,,,,,,,,,,,,,,,,,,,,,,,,
Rhode Island,22-Jul,2.7,,,,,,,,,,,,,,,,,,,,,,,,,,,,,,,,,
Rhode Island,22-Jun,2.7,,,,,,,,,,,,,,,,,,,,,,,,,,,,,,,,,
Rhode Island,22-May,2.9,,,,,,,,,,,,,,,,,,,,,,,,,,,,,,,,,
Rhode Island,22-Apr,3.2,,,,,,,,,,,,,,,,,,,,,,,,,,,,,,,,,
Rhode Island,22-Mar,3.4,,,,,,,,,,,,,,,,,,,,,,,,,,,,,,,,,
Rhode Island,22-Feb,3.9,,,,,,,,,,,,,,,,,,,,,,,,,,,,,,,,,
Rhode Island,22-Jan,4.2,,,,,,,,,,,,,,,,,,,,,,,,,,,,,,,,,
Rhode Island,21-Dec,4.5,,,,,,,,,,,,,,,,,,,,,,,,,,,,,,,,,
Rhode Island,21-Nov,4.7,,,,,,,,,,,,,,,,,,,,,,,,,,,,,,,,,
Rhode Island,21-Oct,5,,,,,,,,,,,,,,,,,,,,,,,,,,,,,,,,,
Rhode Island,21-Sep,5.4,,,,,,,,,,,,,,,,,,,,,,,,,,,,,,,,,
Rhode Island,21-Aug,5.8,,,,,,,,,,,,,,,,,,,,,,,,,,,,,,,,,
Rhode Island,21-Jul,6,,,,,,,,,,,,,,,,,,,,,,,,,,,,,,,,,
Rhode Island,21-Jun,6.2,,,,,,,,,,,,,,,,,,,,,,,,,,,,,,,,,
Rhode Island,21-May,6,,,,,,,,,,,,,,,,,,,,,,,,,,,,,,,,,
Rhode Island,21-Apr,6.1,,,,,,,,,,,,,,,,,,,,,,,,,,,,,,,,,
Rhode Island,21-Mar,6,,,,,,,,,,,,,,,,,,,,,,,,,,,,,,,,,
Rhode Island,21-Feb,6.1,,,,,,,,,,,,,,,,,,,,,,,,,,,,,,,,,
Rhode Island,21-Jan,6.3,,,,,,,,,,,,,,,,,,,,,,,,,,,,,,,,,
Rhode Island,20-Dec,6.7,,,,,,,,,,,,,,,,,,,,,,,,,,,,,,,,,
Rhode Island,20-Nov,6.8,,,,,,,,,,,,,,,,,,,,,,,,,,,,,,,,,
Rhode Island,20-Oct,6.9,,,,,,,,,,,,,,,,,,,,,,,,,,,,,,,,,
Rhode Island,20-Sep,9.6,,,,,,,,,,,,,,,,,,,,,,,,,,,,,,,,,
Rhode Island,20-Aug,10.2,,,,,,,,,,,,,,,,,,,,,,,,,,,,,,,,,
Rhode Island,20-Jul,12.2,,,,,,,,,,,,,,,,,,,,,,,,,,,,,,,,,
Rhode Island,20-Jun,13.5,,,,,,,,,,,,,,,,,,,,,,,,,,,,,,,,,
Rhode Island,20-May,15.6,,,,,,,,,,,,,,,,,,,,,,,,,,,,,,,,,
Rhode Island,20-Apr,18.4,,,,,,,,,,,,,,,,,,,,,,,,,,,,,,,,,
Rhode Island,20-Mar,3.6,,,,,,,,,,,,,,,,,,,,,,,,,,,,,,,,,
Rhode Island,20-Feb,3.7,,,,,,,,,,,,,,,,,,,,,,,,,,,,,,,,,
Rhode Island,20-Jan,3.6,,,,,,,,,,,,,,,,,,,,,,,,,,,,,,,,,
South Carolina,22-Oct,3.3,,,,,,,,,,,,,,,,,,,,,,,,,,,,,,,,,
South Carolina,22-Sep,3.2,,,,,,,,,,,,,,,,,,,,,,,,,,,,,,,,,
South Carolina,22-Aug,3.1,,,,,,,,,,,,,,,,,,,,,,,,,,,,,,,,,
South Carolina,22-Jul,3.2,,,,,,,,,,,,,,,,,,,,,,,,,,,,,,,,,
South Carolina,22-Jun,3.2,,,,,,,,,,,,,,,,,,,,,,,,,,,,,,,,,
South Carolina,22-May,3.3,,,,,,,,,,,,,,,,,,,,,,,,,,,,,,,,,
South Carolina,22-Apr,3.3,,,,,,,,,,,,,,,,,,,,,,,,,,,,,,,,,
South Carolina,22-Mar,3.4,,,,,,,,,,,,,,,,,,,,,,,,,,,,,,,,,
South Carolina,22-Feb,3.5,,,,,,,,,,,,,,,,,,,,,,,,,,,,,,,,,
South Carolina,22-Jan,3.5,,,,,,,,,,,,,,,,,,,,,,,,,,,,,,,,,
South Carolina,21-Dec,3.6,,,,,,,,,,,,,,,,,,,,,,,,,,,,,,,,,
South Carolina,21-Nov,3.6,,,,,,,,,,,,,,,,,,,,,,,,,,,,,,,,,
South Carolina,21-Oct,3.6,,,,,,,,,,,,,,,,,,,,,,,,,,,,,,,,,
South Carolina,21-Sep,3.8,,,,,,,,,,,,,,,,,,,,,,,,,,,,,,,,,
South Carolina,21-Aug,3.9,,,,,,,,,,,,,,,,,,,,,,,,,,,,,,,,,
South Carolina,21-Jul,4,,,,,,,,,,,,,,,,,,,,,,,,,,,,,,,,,
South Carolina,21-Jun,4.1,,,,,,,,,,,,,,,,,,,,,,,,,,,,,,,,,
South Carolina,21-May,4.1,,,,,,,,,,,,,,,,,,,,,,,,,,,,,,,,,
South Carolina,21-Apr,4.2,,,,,,,,,,,,,,,,,,,,,,,,,,,,,,,,,
South Carolina,21-Mar,4.3,,,,,,,,,,,,,,,,,,,,,,,,,,,,,,,,,
South Carolina,21-Feb,4.4,,,,,,,,,,,,,,,,,,,,,,,,,,,,,,,,,
South Carolina,21-Jan,4.6,,,,,,,,,,,,,,,,,,,,,,,,,,,,,,,,,
South Carolina,20-Dec,4.9,,,,,,,,,,,,,,,,,,,,,,,,,,,,,,,,,
South Carolina,20-Nov,5.1,,,,,,,,,,,,,,,,,,,,,,,,,,,,,,,,,
South Carolina,20-Oct,5.3,,,,,,,,,,,,,,,,,,,,,,,,,,,,,,,,,
South Carolina,20-Sep,5.9,,,,,,,,,,,,,,,,,,,,,,,,,,,,,,,,,
South Carolina,20-Aug,6.3,,,,,,,,,,,,,,,,,,,,,,,,,,,,,,,,,
South Carolina,20-Jul,7.2,,,,,,,,,,,,,,,,,,,,,,,,,,,,,,,,,
South Carolina,20-Jun,7.8,,,,,,,,,,,,,,,,,,,,,,,,,,,,,,,,,
South Carolina,20-May,9.1,,,,,,,,,,,,,,,,,,,,,,,,,,,,,,,,,
South Carolina,20-Apr,11.6,,,,,,,,,,,,,,,,,,,,,,,,,,,,,,,,,
South Carolina,20-Mar,3,,,,,,,,,,,,,,,,,,,,,,,,,,,,,,,,,
South Carolina,20-Feb,2.9,,,,,,,,,,,,,,,,,,,,,,,,,,,,,,,,,
South Carolina,20-Jan,2.8,,,,,,,,,,,,,,,,,,,,,,,,,,,,,,,,,
South Dakota,22-Oct,2.4,,,,,,,,,,,,,,,,,,,,,,,,,,,,,,,,,
South Dakota,22-Sep,2.3,,,,,,,,,,,,,,,,,,,,,,,,,,,,,,,,,
South Dakota,22-Aug,2.3,,,,,,,,,,,,,,,,,,,,,,,,,,,,,,,,,
South Dakota,22-Jul,2.3,,,,,,,,,,,,,,,,,,,,,,,,,,,,,,,,,
South Dakota,22-Jun,2.3,,,,,,,,,,,,,,,,,,,,,,,,,,,,,,,,,
South Dakota,22-May,2.3,,,,,,,,,,,,,,,,,,,,,,,,,,,,,,,,,
South Dakota,22-Apr,2.3,,,,,,,,,,,,,,,,,,,,,,,,,,,,,,,,,
South Dakota,22-Mar,2.5,,,,,,,,,,,,,,,,,,,,,,,,,,,,,,,,,
South Dakota,22-Feb,2.6,,,,,,,,,,,,,,,,,,,,,,,,,,,,,,,,,
South Dakota,22-Jan,2.8,,,,,,,,,,,,,,,,,,,,,,,,,,,,,,,,,
South Dakota,21-Dec,2.9,,,,,,,,,,,,,,,,,,,,,,,,,,,,,,,,,
South Dakota,21-Nov,2.9,,,,,,,,,,,,,,,,,,,,,,,,,,,,,,,,,
South Dakota,21-Oct,3,,,,,,,,,,,,,,,,,,,,,,,,,,,,,,,,,
South Dakota,21-Sep,3.1,,,,,,,,,,,,,,,,,,,,,,,,,,,,,,,,,
South Dakota,21-Aug,3.2,,,,,,,,,,,,,,,,,,,,,,,,,,,,,,,,,
South Dakota,21-Jul,3.2,,,,,,,,,,,,,,,,,,,,,,,,,,,,,,,,,
South Dakota,21-Jun,3.2,,,,,,,,,,,,,,,,,,,,,,,,,,,,,,,,,
South Dakota,21-May,3.2,,,,,,,,,,,,,,,,,,,,,,,,,,,,,,,,,
South Dakota,21-Apr,3.2,,,,,,,,,,,,,,,,,,,,,,,,,,,,,,,,,
South Dakota,21-Mar,3.2,,,,,,,,,,,,,,,,,,,,,,,,,,,,,,,,,
South Dakota,21-Feb,3.2,,,,,,,,,,,,,,,,,,,,,,,,,,,,,,,,,
South Dakota,21-Jan,3.3,,,,,,,,,,,,,,,,,,,,,,,,,,,,,,,,,
South Dakota,20-Dec,3.5,,,,,,,,,,,,,,,,,,,,,,,,,,,,,,,,,
South Dakota,20-Nov,3.6,,,,,,,,,,,,,,,,,,,,,,,,,,,,,,,,,
South Dakota,20-Oct,3.7,,,,,,,,,,,,,,,,,,,,,,,,,,,,,,,,,
South Dakota,20-Sep,4,,,,,,,,,,,,,,,,,,,,,,,,,,,,,,,,,
South Dakota,20-Aug,4.3,,,,,,,,,,,,,,,,,,,,,,,,,,,,,,,,,
South Dakota,20-Jul,4.8,,,,,,,,,,,,,,,,,,,,,,,,,,,,,,,,,
South Dakota,20-Jun,5.3,,,,,,,,,,,,,,,,,,,,,,,,,,,,,,,,,
South Dakota,20-May,6.6,,,,,,,,,,,,,,,,,,,,,,,,,,,,,,,,,
South Dakota,20-Apr,8.8,,,,,,,,,,,,,,,,,,,,,,,,,,,,,,,,,
South Dakota,20-Mar,2.5,,,,,,,,,,,,,,,,,,,,,,,,,,,,,,,,,
South Dakota,20-Feb,2.6,,,,,,,,,,,,,,,,,,,,,,,,,,,,,,,,,
South Dakota,20-Jan,2.7,,,,,,,,,,,,,,,,,,,,,,,,,,,,,,,,,
Tennessee,22-Oct,3.5,,,,,,,,,,,,,,,,,,,,,,,,,,,,,,,,,
Tennessee,22-Sep,3.4,,,,,,,,,,,,,,,,,,,,,,,,,,,,,,,,,
Tennessee,22-Aug,3.4,,,,,,,,,,,,,,,,,,,,,,,,,,,,,,,,,
Tennessee,22-Jul,3.3,,,,,,,,,,,,,,,,,,,,,,,,,,,,,,,,,
Tennessee,22-Jun,3.3,,,,,,,,,,,,,,,,,,,,,,,,,,,,,,,,,
Tennessee,22-May,3.3,,,,,,,,,,,,,,,,,,,,,,,,,,,,,,,,,
Tennessee,22-Apr,3.2,,,,,,,,,,,,,,,,,,,,,,,,,,,,,,,,,
Tennessee,22-Mar,3.2,,,,,,,,,,,,,,,,,,,,,,,,,,,,,,,,,
Tennessee,22-Feb,3.4,,,,,,,,,,,,,,,,,,,,,,,,,,,,,,,,,
Tennessee,22-Jan,3.5,,,,,,,,,,,,,,,,,,,,,,,,,,,,,,,,,
Tennessee,21-Dec,3.6,,,,,,,,,,,,,,,,,,,,,,,,,,,,,,,,,
Tennessee,21-Nov,3.6,,,,,,,,,,,,,,,,,,,,,,,,,,,,,,,,,
Tennessee,21-Oct,3.7,,,,,,,,,,,,,,,,,,,,,,,,,,,,,,,,,
Tennessee,21-Sep,3.8,,,,,,,,,,,,,,,,,,,,,,,,,,,,,,,,,
Tennessee,21-Aug,4,,,,,,,,,,,,,,,,,,,,,,,,,,,,,,,,,
Tennessee,21-Jul,4.2,,,,,,,,,,,,,,,,,,,,,,,,,,,,,,,,,
Tennessee,21-Jun,4.4,,,,,,,,,,,,,,,,,,,,,,,,,,,,,,,,,
Tennessee,21-May,4.6,,,,,,,,,,,,,,,,,,,,,,,,,,,,,,,,,
Tennessee,21-Apr,4.8,,,,,,,,,,,,,,,,,,,,,,,,,,,,,,,,,
Tennessee,21-Mar,4.9,,,,,,,,,,,,,,,,,,,,,,,,,,,,,,,,,
Tennessee,21-Feb,5,,,,,,,,,,,,,,,,,,,,,,,,,,,,,,,,,
Tennessee,21-Jan,5.2,,,,,,,,,,,,,,,,,,,,,,,,,,,,,,,,,
Tennessee,20-Dec,5.5,,,,,,,,,,,,,,,,,,,,,,,,,,,,,,,,,
Tennessee,20-Nov,5.7,,,,,,,,,,,,,,,,,,,,,,,,,,,,,,,,,
Tennessee,20-Oct,6.1,,,,,,,,,,,,,,,,,,,,,,,,,,,,,,,,,
Tennessee,20-Sep,6.9,,,,,,,,,,,,,,,,,,,,,,,,,,,,,,,,,
Tennessee,20-Aug,7.5,,,,,,,,,,,,,,,,,,,,,,,,,,,,,,,,,
Tennessee,20-Jul,8.8,,,,,,,,,,,,,,,,,,,,,,,,,,,,,,,,,
Tennessee,20-Jun,10.1,,,,,,,,,,,,,,,,,,,,,,,,,,,,,,,,,
Tennessee,20-May,12.1,,,,,,,,,,,,,,,,,,,,,,,,,,,,,,,,,
Tennessee,20-Apr,15.9,,,,,,,,,,,,,,,,,,,,,,,,,,,,,,,,,
Tennessee,20-Mar,3.6,,,,,,,,,,,,,,,,,,,,,,,,,,,,,,,,,
Tennessee,20-Feb,3.6,,,,,,,,,,,,,,,,,,,,,,,,,,,,,,,,,
Tennessee,20-Jan,3.6,,,,,,,,,,,,,,,,,,,,,,,,,,,,,,,,,
Texas,22-Oct,4,,,,,,,,,,,,,,,,,,,,,,,,,,,,,,,,,
Texas,22-Sep,4,,,,,,,,,,,,,,,,,,,,,,,,,,,,,,,,,
Texas,22-Aug,4.1,,,,,,,,,,,,,,,,,,,,,,,,,,,,,,,,,
Texas,22-Jul,4,,,,,,,,,,,,,,,,,,,,,,,,,,,,,,,,,
Texas,22-Jun,4.1,,,,,,,,,,,,,,,,,,,,,,,,,,,,,,,,,
Texas,22-May,4.2,,,,,,,,,,,,,,,,,,,,,,,,,,,,,,,,,
Texas,22-Apr,4.3,,,,,,,,,,,,,,,,,,,,,,,,,,,,,,,,,
Texas,22-Mar,4.4,,,,,,,,,,,,,,,,,,,,,,,,,,,,,,,,,
Texas,22-Feb,4.7,,,,,,,,,,,,,,,,,,,,,,,,,,,,,,,,,
Texas,22-Jan,4.8,,,,,,,,,,,,,,,,,,,,,,,,,,,,,,,,,
Texas,21-Dec,4.8,,,,,,,,,,,,,,,,,,,,,,,,,,,,,,,,,
Texas,21-Nov,4.9,,,,,,,,,,,,,,,,,,,,,,,,,,,,,,,,,
Texas,21-Oct,5,,,,,,,,,,,,,,,,,,,,,,,,,,,,,,,,,
Texas,21-Sep,5.1,,,,,,,,,,,,,,,,,,,,,,,,,,,,,,,,,
Texas,21-Aug,5.4,,,,,,,,,,,,,,,,,,,,,,,,,,,,,,,,,
Texas,21-Jul,5.6,,,,,,,,,,,,,,,,,,,,,,,,,,,,,,,,,
Texas,21-Jun,5.9,,,,,,,,,,,,,,,,,,,,,,,,,,,,,,,,,
Texas,21-May,5.9,,,,,,,,,,,,,,,,,,,,,,,,,,,,,,,,,
Texas,21-Apr,6.2,,,,,,,,,,,,,,,,,,,,,,,,,,,,,,,,,
Texas,21-Mar,6.4,,,,,,,,,,,,,,,,,,,,,,,,,,,,,,,,,
Texas,21-Feb,6.6,,,,,,,,,,,,,,,,,,,,,,,,,,,,,,,,,
Texas,21-Jan,6.7,,,,,,,,,,,,,,,,,,,,,,,,,,,,,,,,,
Texas,20-Dec,6.9,,,,,,,,,,,,,,,,,,,,,,,,,,,,,,,,,
Texas,20-Nov,6.9,,,,,,,,,,,,,,,,,,,,,,,,,,,,,,,,,
Texas,20-Oct,7.1,,,,,,,,,,,,,,,,,,,,,,,,,,,,,,,,,
Texas,20-Sep,7.7,,,,,,,,,,,,,,,,,,,,,,,,,,,,,,,,,
Texas,20-Aug,8.1,,,,,,,,,,,,,,,,,,,,,,,,,,,,,,,,,
Texas,20-Jul,9.3,,,,,,,,,,,,,,,,,,,,,,,,,,,,,,,,,
Texas,20-Jun,10.1,,,,,,,,,,,,,,,,,,,,,,,,,,,,,,,,,
Texas,20-May,11.8,,,,,,,,,,,,,,,,,,,,,,,,,,,,,,,,,
Texas,20-Apr,12.6,,,,,,,,,,,,,,,,,,,,,,,,,,,,,,,,,
Texas,20-Mar,5.1,,,,,,,,,,,,,,,,,,,,,,,,,,,,,,,,,
Texas,20-Feb,3.5,,,,,,,,,,,,,,,,,,,,,,,,,,,,,,,,,
Texas,20-Jan,3.4,,,,,,,,,,,,,,,,,,,,,,,,,,,,,,,,,
Utah,22-Oct,2.1,,,,,,,,,,,,,,,,,,,,,,,,,,,,,,,,,
Utah,22-Sep,2.1,,,,,,,,,,,,,,,,,,,,,,,,,,,,,,,,,
Utah,22-Aug,2,,,,,,,,,,,,,,,,,,,,,,,,,,,,,,,,,
Utah,22-Jul,2,,,,,,,,,,,,,,,,,,,,,,,,,,,,,,,,,
Utah,22-Jun,2,,,,,,,,,,,,,,,,,,,,,,,,,,,,,,,,,
Utah,22-May,2,,,,,,,,,,,,,,,,,,,,,,,,,,,,,,,,,
Utah,22-Apr,1.9,,,,,,,,,,,,,,,,,,,,,,,,,,,,,,,,,
Utah,22-Mar,2,,,,,,,,,,,,,,,,,,,,,,,,,,,,,,,,,
Utah,22-Feb,2.1,,,,,,,,,,,,,,,,,,,,,,,,,,,,,,,,,
Utah,22-Jan,2.2,,,,,,,,,,,,,,,,,,,,,,,,,,,,,,,,,
Utah,21-Dec,2.3,,,,,,,,,,,,,,,,,,,,,,,,,,,,,,,,,
Utah,21-Nov,2.3,,,,,,,,,,,,,,,,,,,,,,,,,,,,,,,,,
Utah,21-Oct,2.3,,,,,,,,,,,,,,,,,,,,,,,,,,,,,,,,,
Utah,21-Sep,2.5,,,,,,,,,,,,,,,,,,,,,,,,,,,,,,,,,
Utah,21-Aug,2.6,,,,,,,,,,,,,,,,,,,,,,,,,,,,,,,,,
Utah,21-Jul,2.7,,,,,,,,,,,,,,,,,,,,,,,,,,,,,,,,,
Utah,21-Jun,2.8,,,,,,,,,,,,,,,,,,,,,,,,,,,,,,,,,
Utah,21-May,2.8,,,,,,,,,,,,,,,,,,,,,,,,,,,,,,,,,
Utah,21-Apr,2.9,,,,,,,,,,,,,,,,,,,,,,,,,,,,,,,,,
Utah,21-Mar,3,,,,,,,,,,,,,,,,,,,,,,,,,,,,,,,,,
Utah,21-Feb,3.1,,,,,,,,,,,,,,,,,,,,,,,,,,,,,,,,,
Utah,21-Jan,3.3,,,,,,,,,,,,,,,,,,,,,,,,,,,,,,,,,
Utah,20-Dec,3.5,,,,,,,,,,,,,,,,,,,,,,,,,,,,,,,,,
Utah,20-Nov,3.7,,,,,,,,,,,,,,,,,,,,,,,,,,,,,,,,,
Utah,20-Oct,3.9,,,,,,,,,,,,,,,,,,,,,,,,,,,,,,,,,
Utah,20-Sep,4.3,,,,,,,,,,,,,,,,,,,,,,,,,,,,,,,,,
Utah,20-Aug,4.6,,,,,,,,,,,,,,,,,,,,,,,,,,,,,,,,,
Utah,20-Jul,5.4,,,,,,,,,,,,,,,,,,,,,,,,,,,,,,,,,
Utah,20-Jun,6.2,,,,,,,,,,,,,,,,,,,,,,,,,,,,,,,,,
Utah,20-May,7.6,,,,,,,,,,,,,,,,,,,,,,,,,,,,,,,,,
Utah,20-Apr,10,,,,,,,,,,,,,,,,,,,,,,,,,,,,,,,,,
Utah,20-Mar,2.5,,,,,,,,,,,,,,,,,,,,,,,,,,,,,,,,,
Utah,20-Feb,2.6,,,,,,,,,,,,,,,,,,,,,,,,,,,,,,,,,
Utah,20-Jan,2.5,,,,,,,,,,,,,,,,,,,,,,,,,,,,,,,,,
Vermont,22-Oct,2.3,,,,,,,,,,,,,,,,,,,,,,,,,,,,,,,,,
Vermont,22-Sep,2.1,,,,,,,,,,,,,,,,,,,,,,,,,,,,,,,,,
Vermont,22-Aug,2.1,,,,,,,,,,,,,,,,,,,,,,,,,,,,,,,,,
Vermont,22-Jul,2.1,,,,,,,,,,,,,,,,,,,,,,,,,,,,,,,,,
Vermont,22-Jun,2.2,,,,,,,,,,,,,,,,,,,,,,,,,,,,,,,,,
Vermont,22-May,2.3,,,,,,,,,,,,,,,,,,,,,,,,,,,,,,,,,
Vermont,22-Apr,2.5,,,,,,,,,,,,,,,,,,,,,,,,,,,,,,,,,
Vermont,22-Mar,2.6,,,,,,,,,,,,,,,,,,,,,,,,,,,,,,,,,
Vermont,22-Feb,2.9,,,,,,,,,,,,,,,,,,,,,,,,,,,,,,,,,
Vermont,22-Jan,3,,,,,,,,,,,,,,,,,,,,,,,,,,,,,,,,,
Vermont,21-Dec,3.1,,,,,,,,,,,,,,,,,,,,,,,,,,,,,,,,,
Vermont,21-Nov,3.1,,,,,,,,,,,,,,,,,,,,,,,,,,,,,,,,,
Vermont,21-Oct,3.1,,,,,,,,,,,,,,,,,,,,,,,,,,,,,,,,,
Vermont,21-Sep,3.2,,,,,,,,,,,,,,,,,,,,,,,,,,,,,,,,,
Vermont,21-Aug,3.2,,,,,,,,,,,,,,,,,,,,,,,,,,,,,,,,,
Vermont,21-Jul,3.3,,,,,,,,,,,,,,,,,,,,,,,,,,,,,,,,,
Vermont,21-Jun,3.5,,,,,,,,,,,,,,,,,,,,,,,,,,,,,,,,,
Vermont,21-May,3.6,,,,,,,,,,,,,,,,,,,,,,,,,,,,,,,,,
Vermont,21-Apr,3.7,,,,,,,,,,,,,,,,,,,,,,,,,,,,,,,,,
Vermont,21-Mar,3.8,,,,,,,,,,,,,,,,,,,,,,,,,,,,,,,,,
Vermont,21-Feb,3.9,,,,,,,,,,,,,,,,,,,,,,,,,,,,,,,,,
Vermont,21-Jan,3.9,,,,,,,,,,,,,,,,,,,,,,,,,,,,,,,,,
Vermont,20-Dec,3.8,,,,,,,,,,,,,,,,,,,,,,,,,,,,,,,,,
Vermont,20-Nov,3.8,,,,,,,,,,,,,,,,,,,,,,,,,,,,,,,,,
Vermont,20-Oct,4,,,,,,,,,,,,,,,,,,,,,,,,,,,,,,,,,
Vermont,20-Sep,4.5,,,,,,,,,,,,,,,,,,,,,,,,,,,,,,,,,
Vermont,20-Aug,5.1,,,,,,,,,,,,,,,,,,,,,,,,,,,,,,,,,
Vermont,20-Jul,6.4,,,,,,,,,,,,,,,,,,,,,,,,,,,,,,,,,
Vermont,20-Jun,7.6,,,,,,,,,,,,,,,,,,,,,,,,,,,,,,,,,
Vermont,20-May,9.5,,,,,,,,,,,,,,,,,,,,,,,,,,,,,,,,,
Vermont,20-Apr,14.3,,,,,,,,,,,,,,,,,,,,,,,,,,,,,,,,,
Vermont,20-Mar,2.7,,,,,,,,,,,,,,,,,,,,,,,,,,,,,,,,,
Vermont,20-Feb,2.6,,,,,,,,,,,,,,,,,,,,,,,,,,,,,,,,,
Vermont,20-Jan,2.5,,,,,,,,,,,,,,,,,,,,,,,,,,,,,,,,,
Virginia,22-Oct,2.7,,,,,,,,,,,,,,,,,,,,,,,,,,,,,,,,,
Virginia,22-Sep,2.6,,,,,,,,,,,,,,,,,,,,,,,,,,,,,,,,,
Virginia,22-Aug,2.6,,,,,,,,,,,,,,,,,,,,,,,,,,,,,,,,,
Virginia,22-Jul,2.7,,,,,,,,,,,,,,,,,,,,,,,,,,,,,,,,,
Virginia,22-Jun,2.8,,,,,,,,,,,,,,,,,,,,,,,,,,,,,,,,,
Virginia,22-May,3,,,,,,,,,,,,,,,,,,,,,,,,,,,,,,,,,
Virginia,22-Apr,3,,,,,,,,,,,,,,,,,,,,,,,,,,,,,,,,,
Virginia,22-Mar,3,,,,,,,,,,,,,,,,,,,,,,,,,,,,,,,,,
Virginia,22-Feb,3.2,,,,,,,,,,,,,,,,,,,,,,,,,,,,,,,,,
Virginia,22-Jan,3.3,,,,,,,,,,,,,,,,,,,,,,,,,,,,,,,,,
Virginia,21-Dec,3.3,,,,,,,,,,,,,,,,,,,,,,,,,,,,,,,,,
Virginia,21-Nov,3.3,,,,,,,,,,,,,,,,,,,,,,,,,,,,,,,,,
Virginia,21-Oct,3.4,,,,,,,,,,,,,,,,,,,,,,,,,,,,,,,,,
Virginia,21-Sep,3.4,,,,,,,,,,,,,,,,,,,,,,,,,,,,,,,,,
Virginia,21-Aug,3.6,,,,,,,,,,,,,,,,,,,,,,,,,,,,,,,,,
Virginia,21-Jul,3.8,,,,,,,,,,,,,,,,,,,,,,,,,,,,,,,,,
Virginia,21-Jun,4,,,,,,,,,,,,,,,,,,,,,,,,,,,,,,,,,
Virginia,21-May,4.1,,,,,,,,,,,,,,,,,,,,,,,,,,,,,,,,,
Virginia,21-Apr,4.3,,,,,,,,,,,,,,,,,,,,,,,,,,,,,,,,,
Virginia,21-Mar,4.5,,,,,,,,,,,,,,,,,,,,,,,,,,,,,,,,,
Virginia,21-Feb,4.6,,,,,,,,,,,,,,,,,,,,,,,,,,,,,,,,,
Virginia,21-Jan,4.8,,,,,,,,,,,,,,,,,,,,,,,,,,,,,,,,,
Virginia,20-Dec,5,,,,,,,,,,,,,,,,,,,,,,,,,,,,,,,,,
Virginia,20-Nov,5.2,,,,,,,,,,,,,,,,,,,,,,,,,,,,,,,,,
Virginia,20-Oct,5.6,,,,,,,,,,,,,,,,,,,,,,,,,,,,,,,,,
Virginia,20-Sep,6.3,,,,,,,,,,,,,,,,,,,,,,,,,,,,,,,,,
Virginia,20-Aug,7,,,,,,,,,,,,,,,,,,,,,,,,,,,,,,,,,
Virginia,20-Jul,7.9,,,,,,,,,,,,,,,,,,,,,,,,,,,,,,,,,
Virginia,20-Jun,8.5,,,,,,,,,,,,,,,,,,,,,,,,,,,,,,,,,
Virginia,20-May,9.6,,,,,,,,,,,,,,,,,,,,,,,,,,,,,,,,,
Virginia,20-Apr,11.6,,,,,,,,,,,,,,,,,,,,,,,,,,,,,,,,,
Virginia,20-Mar,2.9,,,,,,,,,,,,,,,,,,,,,,,,,,,,,,,,,
Virginia,20-Feb,2.7,,,,,,,,,,,,,,,,,,,,,,,,,,,,,,,,,
Virginia,20-Jan,2.6,,,,,,,,,,,,,,,,,,,,,,,,,,,,,,,,,
Washington,22-Oct,3.8,,,,,,,,,,,,,,,,,,,,,,,,,,,,,,,,,
Washington,22-Sep,3.7,,,,,,,,,,,,,,,,,,,,,,,,,,,,,,,,,
Washington,22-Aug,3.7,,,,,,,,,,,,,,,,,,,,,,,,,,,,,,,,,
Washington,22-Jul,3.7,,,,,,,,,,,,,,,,,,,,,,,,,,,,,,,,,
Washington,22-Jun,3.8,,,,,,,,,,,,,,,,,,,,,,,,,,,,,,,,,
Washington,22-May,3.9,,,,,,,,,,,,,,,,,,,,,,,,,,,,,,,,,
Washington,22-Apr,4.1,,,,,,,,,,,,,,,,,,,,,,,,,,,,,,,,,
Washington,22-Mar,4.1,,,,,,,,,,,,,,,,,,,,,,,,,,,,,,,,,
Washington,22-Feb,4.3,,,,,,,,,,,,,,,,,,,,,,,,,,,,,,,,,
Washington,22-Jan,4.4,,,,,,,,,,,,,,,,,,,,,,,,,,,,,,,,,
Washington,21-Dec,4.5,,,,,,,,,,,,,,,,,,,,,,,,,,,,,,,,,
Washington,21-Nov,4.5,,,,,,,,,,,,,,,,,,,,,,,,,,,,,,,,,
Washington,21-Oct,4.6,,,,,,,,,,,,,,,,,,,,,,,,,,,,,,,,,
Washington,21-Sep,4.8,,,,,,,,,,,,,,,,,,,,,,,,,,,,,,,,,
Washington,21-Aug,5,,,,,,,,,,,,,,,,,,,,,,,,,,,,,,,,,
Washington,21-Jul,5.2,,,,,,,,,,,,,,,,,,,,,,,,,,,,,,,,,
Washington,21-Jun,5.4,,,,,,,,,,,,,,,,,,,,,,,,,,,,,,,,,
Washington,21-May,5.5,,,,,,,,,,,,,,,,,,,,,,,,,,,,,,,,,
Washington,21-Apr,5.7,,,,,,,,,,,,,,,,,,,,,,,,,,,,,,,,,
Washington,21-Mar,5.8,,,,,,,,,,,,,,,,,,,,,,,,,,,,,,,,,
Washington,21-Feb,6.1,,,,,,,,,,,,,,,,,,,,,,,,,,,,,,,,,
Washington,21-Jan,6.3,,,,,,,,,,,,,,,,,,,,,,,,,,,,,,,,,
Washington,20-Dec,6.5,,,,,,,,,,,,,,,,,,,,,,,,,,,,,,,,,
Washington,20-Nov,6.7,,,,,,,,,,,,,,,,,,,,,,,,,,,,,,,,,
Washington,20-Oct,7.1,,,,,,,,,,,,,,,,,,,,,,,,,,,,,,,,,
Washington,20-Sep,7.9,,,,,,,,,,,,,,,,,,,,,,,,,,,,,,,,,
Washington,20-Aug,8.7,,,,,,,,,,,,,,,,,,,,,,,,,,,,,,,,,
Washington,20-Jul,10.2,,,,,,,,,,,,,,,,,,,,,,,,,,,,,,,,,
Washington,20-Jun,11.4,,,,,,,,,,,,,,,,,,,,,,,,,,,,,,,,,
Washington,20-May,13.2,,,,,,,,,,,,,,,,,,,,,,,,,,,,,,,,,
Washington,20-Apr,16.8,,,,,,,,,,,,,,,,,,,,,,,,,,,,,,,,,
Washington,20-Mar,5.3,,,,,,,,,,,,,,,,,,,,,,,,,,,,,,,,,
Washington,20-Feb,3.9,,,,,,,,,,,,,,,,,,,,,,,,,,,,,,,,,
Washington,20-Jan,3.9,,,,,,,,,,,,,,,,,,,,,,,,,,,,,,,,,
West Virginia,22-Oct,4,,,,,,,,,,,,,,,,,,,,,,,,,,,,,,,,,
West Virginia,22-Sep,4,,,,,,,,,,,,,,,,,,,,,,,,,,,,,,,,,
West Virginia,22-Aug,3.9,,,,,,,,,,,,,,,,,,,,,,,,,,,,,,,,,
West Virginia,22-Jul,3.7,,,,,,,,,,,,,,,,,,,,,,,,,,,,,,,,,
West Virginia,22-Jun,3.6,,,,,,,,,,,,,,,,,,,,,,,,,,,,,,,,,
West Virginia,22-May,3.5,,,,,,,,,,,,,,,,,,,,,,,,,,,,,,,,,
West Virginia,22-Apr,3.6,,,,,,,,,,,,,,,,,,,,,,,,,,,,,,,,,
West Virginia,22-Mar,3.7,,,,,,,,,,,,,,,,,,,,,,,,,,,,,,,,,
West Virginia,22-Feb,3.9,,,,,,,,,,,,,,,,,,,,,,,,,,,,,,,,,
West Virginia,22-Jan,4.1,,,,,,,,,,,,,,,,,,,,,,,,,,,,,,,,,
West Virginia,21-Dec,4.3,,,,,,,,,,,,,,,,,,,,,,,,,,,,,,,,,
West Virginia,21-Nov,4.3,,,,,,,,,,,,,,,,,,,,,,,,,,,,,,,,,
West Virginia,21-Oct,4.3,,,,,,,,,,,,,,,,,,,,,,,,,,,,,,,,,
West Virginia,21-Sep,4.6,,,,,,,,,,,,,,,,,,,,,,,,,,,,,,,,,
West Virginia,21-Aug,4.8,,,,,,,,,,,,,,,,,,,,,,,,,,,,,,,,,
West Virginia,21-Jul,5.1,,,,,,,,,,,,,,,,,,,,,,,,,,,,,,,,,
West Virginia,21-Jun,5.3,,,,,,,,,,,,,,,,,,,,,,,,,,,,,,,,,
West Virginia,21-May,5.4,,,,,,,,,,,,,,,,,,,,,,,,,,,,,,,,,
West Virginia,21-Apr,5.5,,,,,,,,,,,,,,,,,,,,,,,,,,,,,,,,,
West Virginia,21-Mar,5.6,,,,,,,,,,,,,,,,,,,,,,,,,,,,,,,,,
West Virginia,21-Feb,5.8,,,,,,,,,,,,,,,,,,,,,,,,,,,,,,,,,
West Virginia,21-Jan,5.9,,,,,,,,,,,,,,,,,,,,,,,,,,,,,,,,,
West Virginia,20-Dec,6.2,,,,,,,,,,,,,,,,,,,,,,,,,,,,,,,,,
West Virginia,20-Nov,6.5,,,,,,,,,,,,,,,,,,,,,,,,,,,,,,,,,
West Virginia,20-Oct,6.9,,,,,,,,,,,,,,,,,,,,,,,,,,,,,,,,,
West Virginia,20-Sep,7.6,,,,,,,,,,,,,,,,,,,,,,,,,,,,,,,,,
West Virginia,20-Aug,8.3,,,,,,,,,,,,,,,,,,,,,,,,,,,,,,,,,
West Virginia,20-Jul,9.4,,,,,,,,,,,,,,,,,,,,,,,,,,,,,,,,,
West Virginia,20-Jun,10.4,,,,,,,,,,,,,,,,,,,,,,,,,,,,,,,,,
West Virginia,20-May,12.2,,,,,,,,,,,,,,,,,,,,,,,,,,,,,,,,,
West Virginia,20-Apr,15.5,,,,,,,,,,,,,,,,,,,,,,,,,,,,,,,,,
West Virginia,20-Mar,5.2,,,,,,,,,,,,,,,,,,,,,,,,,,,,,,,,,
West Virginia,20-Feb,5.1,,,,,,,,,,,,,,,,,,,,,,,,,,,,,,,,,
West Virginia,20-Jan,5.1,,,,,,,,,,,,,,,,,,,,,,,,,,,,,,,,,
Wisconsin,22-Oct,3.3,,,,,,,,,,,,,,,,,,,,,,,,,,,,,,,,,
Wisconsin,22-Sep,3.2,,,,,,,,,,,,,,,,,,,,,,,,,,,,,,,,,
Wisconsin,22-Aug,3.1,,,,,,,,,,,,,,,,,,,,,,,,,,,,,,,,,
Wisconsin,22-Jul,3,,,,,,,,,,,,,,,,,,,,,,,,,,,,,,,,,
Wisconsin,22-Jun,2.9,,,,,,,,,,,,,,,,,,,,,,,,,,,,,,,,,
Wisconsin,22-May,2.9,,,,,,,,,,,,,,,,,,,,,,,,,,,,,,,,,
Wisconsin,22-Apr,2.8,,,,,,,,,,,,,,,,,,,,,,,,,,,,,,,,,
Wisconsin,22-Mar,2.8,,,,,,,,,,,,,,,,,,,,,,,,,,,,,,,,,
Wisconsin,22-Feb,2.9,,,,,,,,,,,,,,,,,,,,,,,,,,,,,,,,,
Wisconsin,22-Jan,3,,,,,,,,,,,,,,,,,,,,,,,,,,,,,,,,,
Wisconsin,21-Dec,3.1,,,,,,,,,,,,,,,,,,,,,,,,,,,,,,,,,
Wisconsin,21-Nov,3.1,,,,,,,,,,,,,,,,,,,,,,,,,,,,,,,,,
Wisconsin,21-Oct,3.2,,,,,,,,,,,,,,,,,,,,,,,,,,,,,,,,,
Wisconsin,21-Sep,3.4,,,,,,,,,,,,,,,,,,,,,,,,,,,,,,,,,
Wisconsin,21-Aug,3.6,,,,,,,,,,,,,,,,,,,,,,,,,,,,,,,,,
Wisconsin,21-Jul,3.8,,,,,,,,,,,,,,,,,,,,,,,,,,,,,,,,,
Wisconsin,21-Jun,4,,,,,,,,,,,,,,,,,,,,,,,,,,,,,,,,,
Wisconsin,21-May,4.1,,,,,,,,,,,,,,,,,,,,,,,,,,,,,,,,,
Wisconsin,21-Apr,4.3,,,,,,,,,,,,,,,,,,,,,,,,,,,,,,,,,
Wisconsin,21-Mar,4.3,,,,,,,,,,,,,,,,,,,,,,,,,,,,,,,,,
Wisconsin,21-Feb,4.4,,,,,,,,,,,,,,,,,,,,,,,,,,,,,,,,,
Wisconsin,21-Jan,4.5,,,,,,,,,,,,,,,,,,,,,,,,,,,,,,,,,
Wisconsin,20-Dec,4.7,,,,,,,,,,,,,,,,,,,,,,,,,,,,,,,,,
Wisconsin,20-Nov,4.8,,,,,,,,,,,,,,,,,,,,,,,,,,,,,,,,,
Wisconsin,20-Oct,5,,,,,,,,,,,,,,,,,,,,,,,,,,,,,,,,,
Wisconsin,20-Sep,5.7,,,,,,,,,,,,,,,,,,,,,,,,,,,,,,,,,
Wisconsin,20-Aug,6.2,,,,,,,,,,,,,,,,,,,,,,,,,,,,,,,,,
Wisconsin,20-Jul,7.6,,,,,,,,,,,,,,,,,,,,,,,,,,,,,,,,,
Wisconsin,20-Jun,8.6,,,,,,,,,,,,,,,,,,,,,,,,,,,,,,,,,
Wisconsin,20-May,10.4,,,,,,,,,,,,,,,,,,,,,,,,,,,,,,,,,
Wisconsin,20-Apr,14.1,,,,,,,,,,,,,,,,,,,,,,,,,,,,,,,,,
Wisconsin,20-Mar,2.9,,,,,,,,,,,,,,,,,,,,,,,,,,,,,,,,,
Wisconsin,20-Feb,3,,,,,,,,,,,,,,,,,,,,,,,,,,,,,,,,,
Wisconsin,20-Jan,3.1,,,,,,,,,,,,,,,,,,,,,,,,,,,,,,,,,
Wyoming,22-Oct,3.5,,,,,,,,,,,,,,,,,,,,,,,,,,,,,,,,,
Wyoming,22-Sep,3.3,,,,,,,,,,,,,,,,,,,,,,,,,,,,,,,,,
Wyoming,22-Aug,3.1,,,,,,,,,,,,,,,,,,,,,,,,,,,,,,,,,
Wyoming,22-Jul,3,,,,,,,,,,,,,,,,,,,,,,,,,,,,,,,,,
Wyoming,22-Jun,3.1,,,,,,,,,,,,,,,,,,,,,,,,,,,,,,,,,
Wyoming,22-May,3.2,,,,,,,,,,,,,,,,,,,,,,,,,,,,,,,,,
Wyoming,22-Apr,3.3,,,,,,,,,,,,,,,,,,,,,,,,,,,,,,,,,
Wyoming,22-Mar,3.4,,,,,,,,,,,,,,,,,,,,,,,,,,,,,,,,,
Wyoming,22-Feb,3.6,,,,,,,,,,,,,,,,,,,,,,,,,,,,,,,,,
Wyoming,22-Jan,3.8,,,,,,,,,,,,,,,,,,,,,,,,,,,,,,,,,
Wyoming,21-Dec,4,,,,,,,,,,,,,,,,,,,,,,,,,,,,,,,,,
Wyoming,21-Nov,4,,,,,,,,,,,,,,,,,,,,,,,,,,,,,,,,,
Wyoming,21-Oct,4,,,,,,,,,,,,,,,,,,,,,,,,,,,,,,,,,
Wyoming,21-Sep,4.2,,,,,,,,,,,,,,,,,,,,,,,,,,,,,,,,,
Wyoming,21-Aug,4.3,,,,,,,,,,,,,,,,,,,,,,,,,,,,,,,,,
Wyoming,21-Jul,4.5,,,,,,,,,,,,,,,,,,,,,,,,,,,,,,,,,
Wyoming,21-Jun,4.6,,,,,,,,,,,,,,,,,,,,,,,,,,,,,,,,,
Wyoming,21-May,4.7,,,,,,,,,,,,,,,,,,,,,,,,,,,,,,,,,
Wyoming,21-Apr,4.8,,,,,,,,,,,,,,,,,,,,,,,,,,,,,,,,,
Wyoming,21-Mar,5,,,,,,,,,,,,,,,,,,,,,,,,,,,,,,,,,
Wyoming,21-Feb,5,,,,,,,,,,,,,,,,,,,,,,,,,,,,,,,,,
Wyoming,21-Jan,5.1,,,,,,,,,,,,,,,,,,,,,,,,,,,,,,,,,
Wyoming,20-Dec,5.1,,,,,,,,,,,,,,,,,,,,,,,,,,,,,,,,,
Wyoming,20-Nov,5.2,,,,,,,,,,,,,,,,,,,,,,,,,,,,,,,,,
Wyoming,20-Oct,5.3,,,,,,,,,,,,,,,,,,,,,,,,,,,,,,,,,
Wyoming,20-Sep,5.6,,,,,,,,,,,,,,,,,,,,,,,,,,,,,,,,,
Wyoming,20-Aug,5.9,,,,,,,,,,,,,,,,,,,,,,,,,,,,,,,,,
Wyoming,20-Jul,6.6,,,,,,,,,,,,,,,,,,,,,,,,,,,,,,,,,
Wyoming,20-Jun,7.2,,,,,,,,,,,,,,,,,,,,,,,,,,,,,,,,,
Wyoming,20-May,8.6,,,,,,,,,,,,,,,,,,,,,,,,,,,,,,,,,
Wyoming,20-Apr,5.4,,,,,,,,,,,,,,,,,,,,,,,,,,,,,,,,,
Wyoming,20-Mar,5.2,,,,,,,,,,,,,,,,,,,,,,,,,,,,,,,,,
Wyoming,20-Feb,4.9,,,,,,,,,,,,,,,,,,,,,,,,,,,,,,,,,
Wyoming,20-Jan,4.7,,,,,,,,,,,,,,,,,,,,,,,,,,,,,,,,,
